"API.Name","vCPUs","Memory.GiB","Network.Gbit","OD.costs","Spot.costs","RI.costs.shared.Standard.1year.NoUpfront","RI.costs.shared.Standard.1year.PartialUpfront","RI.costs.shared.Standard.1year.AllUpfront","RI.costs.shared.Standard.3year.NoUpfront","RI.costs.shared.Standard.3year.PartialUpfront","RI.costs.shared.Standard.3year.AllUpfront","RI.costs.shared.Convertible.1year.NoUpfront","RI.costs.shared.Convertible.1year.PartialUpfront","RI.costs.shared.Convertible.1year.AllUpfront","RI.costs.shared.Convertible.3year.NoUpfront","RI.costs.shared.Convertible.3year.PartialUpfront","RI.costs.shared.Convertible.3year.AllUpfront","SP.costs.shared.Compute.1year.NoUpfront","SP.costs.shared.Compute.1year.PartialUpfront","SP.costs.shared.Compute.1year.AllUpfront","SP.costs.shared.Compute.3year.NoUpfront","SP.costs.shared.Compute.3year.PartialUpfront","SP.costs.shared.Compute.3year.AllUpfront","SP.costs.shared.EC2Instance.1year.NoUpfront","SP.costs.shared.EC2Instance.1year.PartialUpfront","SP.costs.shared.EC2Instance.1year.AllUpfront","SP.costs.shared.EC2Instance.3year.NoUpfront","SP.costs.shared.EC2Instance.3year.PartialUpfront","SP.costs.shared.EC2Instance.3year.AllUpfront"
"a1.2xlarge",8,16,10,0.204,0.0674,0.1285,0.1224,0.12,0.0881,0.0816,0.0767,0.1478,0.1408,0.1379,0.1013,0.0938,0.092,0.1478,0.1408,0.1379,0.1013,0.0938,0.092,0.1285,0.1224,0.12,0.0881,0.0816,0.0767
"a1.4xlarge",16,32,10,0.408,0.2017,0.257,0.2448,0.24,0.1763,0.1632,0.1534,0.2956,0.2816,0.2759,0.2027,0.1876,0.1839,0.2956,0.2815,0.2759,0.2027,0.1877,0.1839,0.257,0.2448,0.2399,0.1763,0.1632,0.1534
"a1.large",2,4,10,0.051,0.0224,0.0321,0.0306,0.03,0.022,0.0204,0.0192,0.0369,0.0352,0.0345,0.0253,0.0234,0.023,0.0369,0.0352,0.0345,0.0253,0.0235,0.023,0.0321,0.0306,0.03,0.022,0.0204,0.0192
"a1.medium",1,2,10,0.0255,0.0079,0.0161,0.0153,0.015,0.011,0.0102,0.0096,0.0185,0.0176,0.0172,0.0127,0.0118,0.0115,0.0185,0.0176,0.0172,0.0127,0.0117,0.0115,0.0161,0.0153,0.015,0.011,0.0102,0.0096
"a1.metal",16,32,10,0.408,0.3126,0.257,0.2444,0.24,0.176,0.1636,0.1534,0.296,0.2818,0.2759,0.203,0.1878,0.1839,0.296,0.282,0.276,0.203,0.188,0.184,0.257,0.245,0.24,0.176,0.163,0.153
"a1.xlarge",4,8,10,0.102,0.0365,0.0643,0.0612,0.0599,0.0441,0.0408,0.0384,0.0739,0.0704,0.0689,0.0507,0.047,0.046,0.0739,0.0704,0.069,0.0507,0.0469,0.046,0.0643,0.0612,0.06,0.0441,0.0408,0.0384
"c4.8xlarge",36,60,10,1.591,0.3846,1.008,0.966,0.9467,0.708,0.6605,0.6213,1.159,1.1041,1.082,0.815,0.7542,0.7393,1.159,1.104,1.082,0.815,0.754,0.739,1.008,0.966,0.947,0.708,0.661,0.621
"c5.12xlarge",48,96,12,2.04,0.6476,1.285,1.224,1.1995,0.855,0.7918,0.744,1.478,1.4078,1.3795,0.985,0.9119,0.8936,1.478,1.408,1.379,0.985,0.912,0.894,1.285,1.224,1.2,0.855,0.792,0.744
"c5.18xlarge",72,144,25,3.06,0.6841,1.928,1.836,1.7993,1.268,1.1742,1.104,2.233,2.1275,2.0845,1.459,1.3503,1.3237,2.217,2.111,2.069,1.477,1.368,1.34,1.928,1.836,1.799,1.282,1.187,1.116
"c5.24xlarge",96,192,25,4.08,0.9122,2.57,2.448,2.3991,1.71,1.5835,1.4881,2.956,2.8156,2.7589,1.97,1.8239,1.7873,2.956,2.815,2.759,1.97,1.824,1.787,2.57,2.448,2.399,1.71,1.583,1.488
"c5.2xlarge",8,16,10,0.34,0.1531,0.214,0.2041,0.1999,0.141,0.1303,0.1227,0.248,0.2362,0.2316,0.162,0.15,0.1471,0.246,0.235,0.23,0.164,0.152,0.149,0.214,0.204,0.2,0.142,0.132,0.124
"c5.4xlarge",16,32,10,0.68,0.152,0.428,0.408,0.3999,0.282,0.2605,0.2453,0.496,0.4723,0.4632,0.324,0.3001,0.2941,0.493,0.469,0.46,0.328,0.304,0.298,0.428,0.408,0.4,0.285,0.264,0.248
"c5.9xlarge",36,72,12,1.53,0.3421,0.964,0.918,0.8997,0.634,0.5876,0.552,1.117,1.0637,1.0422,0.729,0.6757,0.6618,1.108,1.056,1.035,0.739,0.684,0.67,0.964,0.918,0.9,0.641,0.594,0.558
"c5.large",2,4,10,0.085,0.0408,0.054,0.0515,0.05,0.035,0.0323,0.0307,0.062,0.0596,0.0579,0.041,0.0378,0.0368,0.062,0.059,0.057,0.041,0.038,0.037,0.054,0.051,0.05,0.036,0.033,0.031
"c5.metal",96,192,25,4.08,0.9219,2.57,2.448,2.3991,1.71,1.5835,1.4881,2.956,2.8156,2.7589,1.97,1.8239,1.7873,2.956,2.815,2.759,1.97,1.824,1.787,2.57,2.448,2.399,1.71,1.583,1.488
"c5.xlarge",4,8,10,0.17,0.0641,0.107,0.102,0.1,0.07,0.0656,0.0613,0.124,0.1181,0.1158,0.081,0.0755,0.0736,0.123,0.117,0.115,0.082,0.076,0.074,0.107,0.102,0.1,0.071,0.066,0.062
"c5a.12xlarge",48,96,12,1.848,0.6717,1.164,1.1085,1.0866,0.798,0.7396,0.6949,1.343,1.2784,1.2532,0.892,0.826,0.8096,1.343,1.279,1.253,0.892,0.826,0.81,1.164,1.109,1.087,0.798,0.739,0.695
"c5a.16xlarge",64,128,20,2.464,0.9136,1.552,1.4782,1.4489,1.064,0.9858,0.9264,1.79,1.7055,1.671,1.19,1.1017,1.0794,1.79,1.705,1.671,1.19,1.101,1.079,1.552,1.478,1.449,1.064,0.986,0.926
"c5a.24xlarge",96,192,20,3.696,1.8139,2.328,2.2178,2.1733,1.597,1.4782,1.3897,2.686,2.5578,2.5065,1.784,1.6521,1.6191,2.686,2.558,2.506,1.784,1.652,1.619,2.328,2.218,2.173,1.597,1.478,1.39
"c5a.2xlarge",8,16,10,0.308,0.1711,0.194,0.1844,0.181,0.133,0.1236,0.1158,0.224,0.2136,0.2089,0.149,0.1378,0.1349,0.224,0.213,0.209,0.149,0.138,0.135,0.194,0.185,0.181,0.133,0.123,0.116
"c5a.4xlarge",16,32,10,0.616,0.1955,0.388,0.3698,0.3622,0.266,0.2462,0.2316,0.448,0.4261,0.4177,0.297,0.2757,0.2699,0.448,0.426,0.418,0.297,0.275,0.27,0.388,0.37,0.362,0.266,0.246,0.232
"c5a.8xlarge",32,64,10,1.232,0.5317,0.776,0.7396,0.7244,0.532,0.4924,0.4632,0.895,0.8523,0.8355,0.595,0.5503,0.5397,0.895,0.853,0.835,0.595,0.551,0.54,0.776,0.739,0.724,0.532,0.493,0.463
"c5a.large",2,4,10,0.077,0.0322,0.049,0.0461,0.0453,0.033,0.0304,0.029,0.056,0.0536,0.0522,0.037,0.0342,0.0337,0.056,0.053,0.052,0.037,0.034,0.034,0.049,0.046,0.045,0.033,0.031,0.029
"c5a.xlarge",4,8,10,0.154,0.0718,0.097,0.0922,0.0905,0.067,0.0618,0.0579,0.112,0.1063,0.1045,0.074,0.0684,0.0675,0.112,0.107,0.104,0.074,0.069,0.067,0.097,0.092,0.091,0.067,0.062,0.058
"c5ad.12xlarge",48,96,12,2.064,0.8398,1.3,1.2382,1.2136,0.892,0.8258,0.7761,1.493,1.4221,1.3936,0.999,0.9243,0.9062,1.493,1.422,1.394,0.999,0.925,0.906,1.3,1.238,1.214,0.892,0.826,0.776
"c5ad.16xlarge",64,128,20,2.752,0.9821,1.734,1.6516,1.6182,1.189,1.1004,1.0347,1.991,1.8961,1.8582,1.332,1.2324,1.2082,1.991,1.896,1.858,1.332,1.233,1.208,1.734,1.651,1.618,1.189,1.101,1.035
"c5ad.24xlarge",96,192,20,4.128,1.5171,2.601,2.4764,2.4273,1.783,1.6516,1.5521,2.986,2.8441,2.7873,1.997,1.8497,1.8124,2.986,2.844,2.787,1.997,1.849,1.812,2.601,2.477,2.427,1.783,1.651,1.552
"c5ad.2xlarge",8,16,10,0.344,0.1668,0.217,0.2062,0.2023,0.149,0.1378,0.1293,0.249,0.2375,0.2323,0.166,0.1541,0.151,0.249,0.237,0.232,0.166,0.154,0.151,0.217,0.206,0.202,0.149,0.138,0.129
"c5ad.4xlarge",16,32,10,0.688,0.2857,0.433,0.4124,0.4046,0.297,0.2756,0.2587,0.498,0.474,0.4645,0.333,0.3081,0.3021,0.498,0.474,0.465,0.333,0.308,0.302,0.433,0.413,0.405,0.297,0.275,0.259
"c5ad.8xlarge",32,64,10,1.376,0.6269,0.867,0.8258,0.8091,0.594,0.5502,0.5174,0.995,0.9481,0.9291,0.666,0.6162,0.6041,0.995,0.948,0.929,0.666,0.616,0.604,0.867,0.826,0.809,0.594,0.55,0.517
"c5ad.large",2,4,10,0.086,0.0324,0.054,0.0518,0.0506,0.037,0.0342,0.0323,0.062,0.0597,0.0581,0.042,0.0383,0.0377,0.062,0.059,0.058,0.042,0.039,0.038,0.054,0.052,0.051,0.037,0.034,0.032
"c5ad.xlarge",4,8,10,0.172,0.0719,0.108,0.1036,0.1011,0.074,0.0684,0.0647,0.124,0.1182,0.1161,0.083,0.0775,0.0755,0.124,0.119,0.116,0.083,0.077,0.076,0.108,0.103,0.101,0.074,0.069,0.065
"c5d.12xlarge",48,96,12,2.304,0.6475,1.452,1.3822,1.3548,0.967,0.8959,0.8421,1.671,1.5918,1.5598,1.113,1.0301,1.0096,1.671,1.592,1.56,1.113,1.03,1.01,1.452,1.382,1.355,0.967,0.896,0.842
"c5d.18xlarge",72,144,25,3.456,0.7381,2.177,2.0738,2.0321,1.435,1.3282,1.2486,2.52,2.4001,2.3523,1.65,1.5278,1.497,2.507,2.387,2.34,1.669,1.545,1.514,2.177,2.074,2.032,1.451,1.344,1.263
"c5d.24xlarge",96,192,25,4.608,1.3329,2.903,2.7644,2.7095,1.935,1.7918,1.6842,3.342,3.1837,3.1196,2.225,2.0602,2.0192,3.342,3.183,3.12,2.225,2.06,2.019,2.903,2.765,2.71,1.935,1.792,1.684
"c5d.2xlarge",8,16,10,0.384,0.1523,0.242,0.2302,0.2258,0.159,0.1478,0.1387,0.28,0.2663,0.2614,0.183,0.1699,0.1663,0.279,0.265,0.26,0.185,0.172,0.168,0.242,0.23,0.226,0.161,0.149,0.14
"c5d.4xlarge",16,32,10,0.768,0.2879,0.484,0.4604,0.4516,0.319,0.2956,0.2775,0.56,0.5337,0.5227,0.367,0.3397,0.3327,0.557,0.531,0.52,0.371,0.343,0.337,0.484,0.461,0.452,0.322,0.299,0.281
"c5d.9xlarge",36,72,12,1.728,0.3822,1.089,1.0364,1.0161,0.717,0.6641,0.6243,1.26,1.2001,1.1761,0.825,0.7639,0.7485,1.253,1.194,1.17,0.834,0.773,0.757,1.089,1.037,1.016,0.726,0.672,0.632
"c5d.large",2,4,10,0.096,0.033,0.06,0.0578,0.0564,0.04,0.0365,0.0347,0.07,0.0663,0.0653,0.046,0.0422,0.0416,0.07,0.066,0.065,0.046,0.043,0.042,0.06,0.058,0.056,0.04,0.037,0.035
"c5d.metal",96,192,25,4.608,0.9122,2.903,2.7644,2.7095,1.935,1.7918,1.6842,3.342,3.1837,3.1196,2.225,2.0602,2.0192,3.342,3.183,3.12,2.225,2.06,2.019,2.903,2.765,2.71,1.935,1.792,1.684
"c5d.xlarge",4,8,10,0.192,0.0793,0.121,0.1156,0.1129,0.08,0.0739,0.0694,0.14,0.1337,0.1307,0.092,0.0844,0.0832,0.139,0.133,0.13,0.093,0.086,0.084,0.121,0.115,0.113,0.081,0.075,0.07
"c5n.18xlarge",72,192,100,3.888,1.1777,2.449,2.3324,2.2862,1.412,1.3076,1.2287,2.817,2.6836,2.6295,1.626,1.5057,1.4753,2.817,2.683,2.629,1.626,1.505,1.475,2.449,2.333,2.286,1.412,1.307,1.229
"c5n.2xlarge",8,21,25,0.432,0.1681,0.272,0.2596,0.254,0.157,0.1456,0.1365,0.313,0.2981,0.2921,0.181,0.1676,0.1639,0.313,0.298,0.292,0.181,0.167,0.164,0.272,0.259,0.254,0.157,0.145,0.137
"c5n.4xlarge",16,42,25,0.864,0.268,0.544,0.5182,0.508,0.314,0.2902,0.2731,0.626,0.5962,0.5844,0.361,0.3343,0.3279,0.626,0.596,0.584,0.361,0.335,0.328,0.544,0.518,0.508,0.314,0.29,0.273
"c5n.9xlarge",36,96,50,1.944,0.5374,1.225,1.1662,1.143,0.706,0.6538,0.6143,1.409,1.3418,1.3147,0.813,0.7524,0.7377,1.409,1.342,1.315,0.813,0.753,0.738,1.225,1.166,1.143,0.706,0.654,0.614
"c5n.large",2,5.25,25,0.108,0.0392,0.068,0.0644,0.0635,0.039,0.0362,0.0341,0.078,0.0742,0.0731,0.045,0.0419,0.041,0.078,0.075,0.073,0.045,0.042,0.041,0.068,0.065,0.064,0.039,0.036,0.034
"c5n.metal",72,192,100,3.888,1.0121,2.449,2.3324,2.2862,1.412,1.3076,1.2287,2.817,2.6836,2.6295,1.626,1.5057,1.4753,2.817,2.683,2.629,1.626,1.505,1.475,2.449,2.333,2.286,1.412,1.307,1.229
"c5n.xlarge",4,10.5,25,0.216,0.0646,0.136,0.1298,0.1271,0.078,0.0723,0.0683,0.157,0.1495,0.1461,0.09,0.0838,0.082,0.157,0.149,0.146,0.09,0.084,0.082,0.136,0.13,0.127,0.078,0.073,0.068
"c6g.12xlarge",48,96,20,1.632,0.7979,1.0282,0.9792,0.9596,0.705,0.6528,0.6136,1.2009,1.1437,1.1208,0.7829,0.725,0.7104,1.2009,1.1437,1.1208,0.7829,0.7249,0.7104,1.0282,0.9792,0.9596,0.705,0.6528,0.6136
"c6g.16xlarge",64,128,25,2.176,0.772,1.3709,1.3057,1.2795,0.94,0.8704,0.8182,1.6012,1.5249,1.4944,1.0439,0.9666,0.9473,1.6012,1.5249,1.4944,1.0439,0.9666,0.9472,1.3709,1.3056,1.2795,0.94,0.8704,0.8182
"c6g.2xlarge",8,16,10,0.272,0.1506,0.1714,0.1632,0.1599,0.1175,0.1088,0.1023,0.2001,0.1906,0.1868,0.1305,0.1208,0.1184,0.2001,0.1906,0.1868,0.1305,0.1208,0.1184,0.1714,0.1632,0.1599,0.1175,0.1088,0.1023
"c6g.4xlarge",16,32,10,0.544,0.1596,0.3427,0.3264,0.3199,0.235,0.2176,0.2045,0.4003,0.3812,0.3736,0.261,0.2416,0.2368,0.4003,0.3812,0.3736,0.261,0.2416,0.2368,0.3427,0.3264,0.3199,0.235,0.2176,0.2045
"c6g.8xlarge",32,64,12,1.088,0.4973,0.6854,0.6528,0.6397,0.47,0.4352,0.4091,0.8006,0.7625,0.7473,0.522,0.4832,0.4736,0.8006,0.7625,0.7472,0.522,0.4833,0.4736,0.6854,0.6528,0.6397,0.47,0.4352,0.4091
"c6g.large",2,4,10,0.068,0.0302,0.0428,0.0408,0.04,0.0294,0.0272,0.0256,0.05,0.0477,0.0467,0.0326,0.0302,0.0296,0.05,0.0477,0.0467,0.0326,0.0302,0.0296,0.0428,0.0408,0.04,0.0294,0.0272,0.0256
"c6g.medium",1,2,10,0.034,0.0142,0.0214,0.0204,0.02,0.0147,0.0136,0.0128,0.025,0.0238,0.0234,0.0163,0.0151,0.0148,0.025,0.0238,0.0234,0.0163,0.0151,0.0148,0.0214,0.0204,0.02,0.0147,0.0136,0.0128
"c6g.metal",64,128,25,2.176,0.986,1.3709,1.3057,1.2795,0.94,0.8704,0.8182,1.6012,1.5249,1.4944,1.0439,0.9666,0.9473,1.6012,1.5249,1.4944,1.0439,0.9666,0.9472,1.3709,1.3056,1.2795,0.94,0.8704,0.8182
"c6g.xlarge",4,8,10,0.136,0.0732,0.0857,0.0816,0.08,0.0588,0.0544,0.0511,0.1001,0.0953,0.0934,0.0652,0.0604,0.0592,0.1001,0.0953,0.0934,0.0652,0.0604,0.0592,0.0857,0.0816,0.08,0.0588,0.0544,0.0511
"c6gd.12xlarge",48,96,20,1.8432,0.4789,1.1612,1.106,1.0838,0.7963,0.7372,0.693,1.3373,1.2737,1.2482,0.8757,0.8108,0.7946,1.3373,1.2737,1.2482,0.8757,0.8108,0.7946,1.1612,1.1059,1.0838,0.7963,0.7373,0.693
"c6gd.16xlarge",64,128,25,2.4576,0.9346,1.5483,1.4746,1.4451,1.0617,0.983,0.924,1.7831,1.6982,1.6643,1.1676,1.0811,1.0595,1.7831,1.6982,1.6642,1.1676,1.0811,1.0595,1.5483,1.4746,1.4451,1.0617,0.983,0.9241
"c6gd.2xlarge",8,16,10,0.3072,0.1153,0.1935,0.1843,0.1806,0.1327,0.1229,0.1155,0.2229,0.2123,0.208,0.1459,0.1352,0.1324,0.2229,0.2123,0.208,0.1459,0.1351,0.1324,0.1935,0.1843,0.1806,0.1327,0.1229,0.1155
"c6gd.4xlarge",16,32,10,0.6144,0.2633,0.3871,0.3687,0.3613,0.2654,0.2458,0.231,0.4458,0.4246,0.4161,0.2919,0.2702,0.2649,0.4458,0.4246,0.4161,0.2919,0.2703,0.2649,0.3871,0.3686,0.3613,0.2654,0.2458,0.231
"c6gd.8xlarge",32,64,12,1.2288,0.3193,0.7741,0.7372,0.7225,0.5308,0.4916,0.462,0.8916,0.8491,0.8321,0.5838,0.5406,0.5298,0.8916,0.8491,0.8321,0.5838,0.5405,0.5297,0.7741,0.7373,0.7225,0.5308,0.4915,0.462
"c6gd.large",2,4,10,0.0768,0.0324,0.0484,0.0461,0.0452,0.0332,0.0308,0.0289,0.0557,0.053,0.0521,0.0365,0.0338,0.0331,0.0557,0.0531,0.052,0.0365,0.0338,0.0331,0.0484,0.0461,0.0452,0.0332,0.0307,0.0289
"c6gd.medium",1,2,10,0.0384,0.0173,0.0242,0.023,0.0226,0.0166,0.0154,0.0144,0.0279,0.0265,0.026,0.0182,0.0168,0.0166,0.0279,0.0265,0.026,0.0182,0.0169,0.0166,0.0242,0.023,0.0226,0.0166,0.0154,0.0144
"c6gd.metal",64,128,25,2.4576,1.0666,1.5483,1.4746,1.4451,1.0617,0.983,0.924,1.7831,1.6982,1.6643,1.1676,1.0811,1.0595,1.7831,1.6982,1.6642,1.1676,1.0811,1.0595,1.5483,1.4746,1.4451,1.0617,0.983,0.9241
"c6gd.xlarge",4,8,10,0.1536,0.0585,0.0968,0.0922,0.0903,0.0664,0.0614,0.0578,0.1114,0.1062,0.104,0.073,0.0676,0.0662,0.1114,0.1061,0.104,0.073,0.0676,0.0662,0.0968,0.0922,0.0903,0.0664,0.0614,0.0578
"c6gn.12xlarge",48,96,75,2.0736,0.7893,1.3088,1.2464,1.2215,0.8902,0.8243,0.7748,1.5705,1.4957,1.4658,1.0682,0.9891,0.9693,1.57047,1.49569,1.46577,1.06824,0.98911,0.96933,1.30876,1.24644,1.22151,0.8902,0.82426,0.7748
"c6gn.16xlarge",64,128,100,2.7648,0.6385,1.745,1.6619,1.6287,1.1869,1.099,1.0331,2.094,1.9943,1.9543,1.4243,1.3188,1.2924,2.09396,1.99425,1.95437,1.42431,1.31881,1.29243,1.74502,1.66192,1.62868,1.18693,1.09901,1.03307
"c6gn.2xlarge",8,16,25,0.3456,0.1375,0.2181,0.2078,0.2035,0.1484,0.1374,0.1291,0.2617,0.2493,0.2443,0.178,0.1648,0.1616,0.26175,0.24928,0.2443,0.17804,0.16485,0.16155,0.21813,0.20774,0.20359,0.14837,0.13738,0.12913
"c6gn.4xlarge",16,32,25,0.6912,0.2293,0.4363,0.4155,0.4072,0.2967,0.2747,0.2583,0.5235,0.4986,0.4886,0.3561,0.3297,0.3231,0.52349,0.49856,0.48859,0.35608,0.3297,0.32311,0.43625,0.41548,0.40717,0.29673,0.27475,0.25827
"c6gn.8xlarge",32,64,50,1.3824,0.4749,0.8725,0.831,0.8144,0.5935,0.5495,0.5166,1.047,0.9971,0.9772,0.7122,0.6594,0.6462,1.04698,0.99713,0.97718,0.71216,0.6594,0.64622,0.87251,0.83096,0.81434,0.59346,0.5495,0.51653
"c6gn.large",2,4,25,0.0864,0.029,0.0545,0.0519,0.0509,0.0371,0.0343,0.0323,0.0654,0.0623,0.0611,0.0445,0.0412,0.0404,0.06544,0.06232,0.06107,0.04451,0.04121,0.04039,0.05453,0.05194,0.0509,0.03709,0.03434,0.03228
"c6gn.medium",1,2,16,0.0432,0.0175,0.0273,0.026,0.0255,0.0186,0.0172,0.0161,0.0327,0.0311,0.0306,0.0222,0.0206,0.0202,0.03272,0.03116,0.03054,0.02225,0.02061,0.02019,0.02727,0.02597,0.02545,0.01855,0.01717,0.01614
"c6gn.xlarge",4,8,25,0.1728,0.0669,0.1091,0.1039,0.1018,0.0742,0.0687,0.0646,0.1309,0.1246,0.1221,0.089,0.0824,0.0808,0.13087,0.12464,0.12215,0.08902,0.08243,0.08078,0.10906,0.10387,0.10179,0.07418,0.06869,0.06457
"c6i.12xlarge",48,96,18.75,2.04,0.6109,1.3495,1.2852,1.2595,0.8981,0.8316,0.7817,1.4742,1.4041,1.3759,0.985,0.912,0.8938,1.4742,1.404,1.37592,0.98496,0.912,0.89376,1.34946,1.2852,1.2595,0.89813,0.8316,0.7817
"c6i.16xlarge",64,128,25,2.72,1.1687,1.7993,1.7136,1.6793,1.1975,1.1088,1.0423,1.9656,1.872,1.8346,1.3133,1.216,1.1917,1.9656,1.872,1.83456,1.31328,1.216,1.19168,1.79928,1.7136,1.67933,1.1975,1.1088,1.04227
"c6i.24xlarge",96,192,37.5,4.08,1.9938,2.6989,2.5704,2.5189,1.7963,1.6632,1.5634,2.9484,2.808,2.7518,1.9699,1.824,1.7875,2.9484,2.808,2.75184,1.96992,1.824,1.78752,2.69892,2.5704,2.51899,1.79626,1.6632,1.56341
"c6i.2xlarge",8,16,12.5,0.34,0.1653,0.2249,0.2142,0.2099,0.1497,0.1386,0.1303,0.2457,0.234,0.2293,0.1642,0.152,0.149,0.2457,0.234,0.22932,0.16416,0.152,0.14896,0.22491,0.2142,0.20992,0.14969,0.1386,0.13028
"c6i.32xlarge",128,256,50,5.44,1.2771,3.5986,3.4272,3.3587,2.395,2.2176,2.0846,3.9312,3.744,3.6691,2.6266,2.432,2.3834,3.9312,3.744,3.66912,2.62656,2.432,2.38336,3.59856,3.4272,3.35866,2.39501,2.2176,2.08454
"c6i.4xlarge",16,32,12.5,0.68,0.2059,0.4498,0.4284,0.4199,0.2994,0.2772,0.2606,0.4914,0.468,0.4587,0.3283,0.304,0.2979,0.4914,0.468,0.45864,0.32832,0.304,0.29792,0.44982,0.4284,0.41983,0.29938,0.2772,0.26057
"c6i.8xlarge",32,64,12.5,1.36,0.3193,0.8996,0.8568,0.8396,0.5988,0.5544,0.5211,0.9828,0.936,0.9172,0.6566,0.608,0.5959,0.9828,0.936,0.91728,0.65664,0.608,0.59584,0.89964,0.8568,0.83966,0.59875,0.5544,0.52114
"c6i.large",2,4,12.5,0.085,0.0373,0.0562,0.0536,0.0525,0.0374,0.0346,0.0326,0.0614,0.0585,0.0573,0.041,0.038,0.0373,0.06142,0.0585,0.05733,0.04104,0.038,0.03724,0.05623,0.05355,0.05248,0.03742,0.03465,0.03257
"c6i.metal",128,256,50,5.44,1.2771,3.5986,3.4272,3.3587,2.395,2.2176,2.0846,3.9312,3.744,3.6691,2.6266,2.432,2.3834,3.9312,3.744,3.66912,2.62656,2.432,2.38336,3.59856,3.4272,3.35866,2.39501,2.2176,2.08454
"c6i.xlarge",4,8,12.5,0.17,0.0632,0.1125,0.1071,0.1049,0.0748,0.0693,0.0651,0.1229,0.1169,0.1146,0.0821,0.076,0.0745,0.12285,0.117,0.11466,0.08208,0.076,0.07448,0.11246,0.1071,0.10496,0.07484,0.0693,0.06514
"d3.2xlarge",8,64,15,0.999,0.381,0.629,0.5997,0.5873,0.432,0.3998,0.3756,0.755,0.7196,0.7048,0.518,0.4797,0.4699,0.755,0.719,0.705,0.518,0.479,0.47,0.629,0.599,0.587,0.432,0.4,0.376
"d3.4xlarge",16,128,15,1.998,0.736,1.259,1.1983,1.1747,0.863,0.7995,0.7511,1.51,1.4382,1.4096,1.036,0.9585,0.9398,1.51,1.438,1.41,1.036,0.959,0.94,1.259,1.199,1.175,0.863,0.799,0.751
"d3.8xlarge",32,256,25,3.9955,1.4685,2.5172,2.3973,2.3493,1.7261,1.5982,1.5023,3.0206,2.8767,2.8193,2.0713,1.9179,1.8795,3.02061,2.87677,2.81924,2.07128,1.91785,1.87949,2.51718,2.39731,2.34937,1.72606,1.59821,1.50232
"d3.xlarge",4,32,15,0.499,0.1884,0.315,0.2999,0.2937,0.216,0.1999,0.1878,0.378,0.3598,0.3524,0.259,0.2399,0.2349,0.378,0.36,0.352,0.259,0.24,0.235,0.315,0.3,0.294,0.216,0.2,0.188
"g3.16xlarge",64,488,25,4.56,2.3245,3.1122,2.964,2.9047,2.324,2.1518,2.0228,3.579,3.4086,3.3404,2.6727,2.4748,2.4252,3.579,3.4086,3.3404,2.6727,2.4748,2.4252,3.1122,2.964,2.9047,2.324,2.1518,2.0228
"g3.4xlarge",16,122,10,1.14,0.6577,0.7781,0.741,0.7261,0.581,0.538,0.5057,0.8948,0.8521,0.8352,0.6682,0.6186,0.6063,0.8948,0.8521,0.8352,0.6682,0.6186,0.6063,0.7781,0.741,0.7261,0.581,0.538,0.5057
"g3.8xlarge",32,244,10,2.28,1.4002,1.5561,1.482,1.4524,1.162,1.076,1.0114,1.7895,1.7044,1.6702,1.3363,1.2374,1.2126,1.7895,1.7044,1.6702,1.3363,1.2374,1.2126,1.5561,1.482,1.4524,1.162,1.076,1.0114
"g3s.xlarge",4,30.5,10,0.75,0.225,0.551,0.5256,0.5145,0.437,0.4055,0.3807,0.634,0.6038,0.5917,0.503,0.4659,0.4565,0.634,0.604,0.592,0.503,0.466,0.456,0.551,0.526,0.514,0.437,0.406,0.381
"g4ad.16xlarge",64,256,25,3.468,1.7096,2.1848,2.0808,2.0392,1.7486,1.619,1.5219,2.621,2.4962,2.4463,2.0983,1.9428,1.904,2.62104,2.49623,2.44631,2.09827,1.94284,1.90399,2.18484,2.0808,2.03918,1.74856,1.61904,1.52189
"g4ad.2xlarge",8,32,10,0.5412,0.2693,0.3409,0.3247,0.3182,0.2729,0.2527,0.2375,0.409,0.3895,0.3817,0.3274,0.3032,0.2971,0.409,0.38953,0.38174,0.32743,0.30317,0.29711,0.34094,0.3247,0.31821,0.27286,0.25264,0.23749
"g4ad.4xlarge",16,64,10,0.867,0.4413,0.5462,0.5201,0.5098,0.4371,0.4048,0.3805,0.6553,0.624,0.6115,0.5246,0.4857,0.476,0.65526,0.62406,0.61158,0.52457,0.48571,0.476,0.54621,0.5202,0.5098,0.43714,0.40476,0.38047
"g4ad.8xlarge",32,128,15,1.734,0.8131,1.0924,1.0404,1.0196,0.8743,0.8095,0.761,1.3105,1.2481,1.2232,1.0491,0.9714,0.952,1.31052,1.24812,1.22315,1.04914,0.97142,0.95199,1.09242,1.0404,1.01959,0.87428,0.80952,0.76095
"g4ad.xlarge",4,16,10,0.3785,0.1657,0.2385,0.2271,0.2226,0.1908,0.1767,0.1661,0.2861,0.2724,0.267,0.229,0.212,0.2078,0.28609,0.27246,0.26701,0.22903,0.21206,0.20782,0.23847,0.22712,0.22258,0.19085,0.17672,0.16611
"g4dn.12xlarge",48,192,50,3.912,1.8889,2.465,2.3476,2.3002,1.69,1.5644,1.4709,2.834,2.6997,2.6453,2.028,1.8779,1.8402,2.834,2.7,2.645,2.028,1.878,1.84,2.465,2.348,2.3,1.69,1.564,1.471
"g4dn.16xlarge",64,256,50,4.352,1.8053,2.742,2.6116,2.559,1.88,1.7404,1.6363,3.153,3.0025,2.9428,2.256,2.0885,2.0472,3.153,3.002,2.943,2.256,2.088,2.047,2.742,2.612,2.559,1.88,1.74,1.636
"g4dn.2xlarge",8,32,25,0.752,0.3147,0.474,0.4516,0.4421,0.325,0.3004,0.2828,0.545,0.5185,0.5084,0.39,0.3605,0.3537,0.545,0.518,0.508,0.39,0.36,0.354,0.474,0.452,0.442,0.325,0.3,0.283
"g4dn.4xlarge",16,64,25,1.204,0.6562,0.759,0.7222,0.708,0.52,0.4818,0.4527,0.872,0.8304,0.8142,0.624,0.578,0.5664,0.872,0.83,0.814,0.624,0.578,0.566,0.759,0.722,0.708,0.52,0.482,0.453
"g4dn.8xlarge",32,128,50,2.176,0.8822,1.371,1.3059,1.2795,0.94,0.8702,0.8182,1.577,1.5017,1.4715,1.128,1.0442,1.0236,1.577,1.502,1.471,1.128,1.044,1.024,1.371,1.306,1.279,0.94,0.87,0.818
"g4dn.metal",96,384,100,7.824,4.1218,4.929,4.6941,4.6005,3.38,3.1298,2.9418,5.668,5.3983,5.2906,4.056,3.7558,3.6804,5.668,5.399,5.291,4.056,3.756,3.68,4.929,4.694,4.601,3.38,3.13,2.942
"g4dn.xlarge",4,16,25,0.526,0.1578,0.331,0.3158,0.3092,0.227,0.2102,0.1978,0.381,0.3625,0.3557,0.273,0.2523,0.2474,0.381,0.363,0.356,0.273,0.252,0.247,0.331,0.316,0.309,0.227,0.21,0.198
"h1.16xlarge",64,256,25,3.744,2.2275,2.545,2.4236,2.3749,1.809,1.6743,1.5741,2.926,2.7865,2.7312,2.08,1.9259,1.8873,2.926,2.786,2.731,2.08,1.926,1.887,2.545,2.424,2.375,1.809,1.674,1.574
"h1.2xlarge",8,32,10,0.468,0.225,0.318,0.3025,0.2969,0.226,0.2097,0.1968,0.366,0.3482,0.3414,0.26,0.2404,0.2359,0.366,0.348,0.341,0.26,0.24,0.236,0.318,0.302,0.297,0.226,0.21,0.197
"h1.4xlarge",16,64,10,0.936,0.3956,0.636,0.606,0.5937,0.452,0.4183,0.3935,0.732,0.6964,0.6828,0.52,0.4817,0.4718,0.732,0.696,0.683,0.52,0.482,0.472,0.636,0.606,0.594,0.452,0.418,0.394
"h1.8xlarge",32,128,10,1.872,0.9301,1.272,1.2118,1.1874,0.904,0.8376,0.7871,1.463,1.3937,1.3655,1.04,0.9624,0.9436,1.463,1.394,1.366,1.04,0.962,0.944,1.272,1.212,1.187,0.904,0.838,0.787
"i3.16xlarge",64,488,25,4.992,1.4976,3.427,3.2444,3.1799,2.419,2.2462,2.1116,3.941,3.7538,3.6785,2.782,2.576,2.5245,3.941,3.754,3.679,2.782,2.576,2.525,3.427,3.244,3.18,2.419,2.246,2.112
"i3.2xlarge",8,61,10,0.624,0.1872,0.428,0.4059,0.3975,0.302,0.2804,0.264,0.493,0.4696,0.4598,0.348,0.322,0.3156,0.493,0.47,0.46,0.348,0.322,0.316,0.428,0.406,0.397,0.302,0.28,0.264
"i3.4xlarge",16,122,10,1.248,0.3744,0.857,0.8116,0.795,0.605,0.5618,0.5279,0.985,0.9382,0.9196,0.696,0.644,0.6311,0.985,0.938,0.92,0.696,0.644,0.631,0.857,0.812,0.795,0.605,0.562,0.528
"i3.8xlarge",32,244,10,2.496,0.7488,1.714,1.6222,1.59,1.21,1.1236,1.0558,1.971,1.8764,1.8393,1.391,1.288,1.2623,1.971,1.876,1.839,1.391,1.288,1.262,1.714,1.622,1.59,1.21,1.124,1.056
"i3.large",2,15.25,10,0.156,0.0468,0.107,0.1017,0.0993,0.076,0.0701,0.066,0.123,0.1177,0.115,0.087,0.0803,0.0789,0.123,0.118,0.115,0.087,0.08,0.079,0.107,0.102,0.099,0.076,0.07,0.066
"i3.metal",72,512,25,4.992,1.4976,3.427,3.2444,3.1799,2.419,2.2462,2.1116,3.941,3.7538,3.6785,2.782,2.576,2.5245,3.941,3.754,3.679,2.782,2.576,2.525,3.427,3.244,3.18,2.419,2.246,2.112
"i3.xlarge",4,30.5,10,0.312,0.0936,0.214,0.2024,0.1987,0.151,0.1402,0.132,0.246,0.2344,0.2299,0.174,0.1615,0.1578,0.246,0.234,0.23,0.174,0.162,0.158,0.214,0.202,0.199,0.151,0.14,0.132
"i3en.12xlarge",48,384,50,5.424,1.6272,3.694,3.518,3.4477,2.36,2.1857,2.0541,4.278,4.0741,3.9927,2.719,2.5177,2.4671,4.278,4.074,3.993,2.719,2.518,2.467,3.694,3.518,3.448,2.36,2.186,2.054
"i3en.24xlarge",96,768,100,10.848,3.2544,7.388,7.0362,6.8955,4.72,4.3703,4.1083,8.556,8.1481,7.9853,5.438,5.0344,4.9342,8.556,8.148,7.985,5.438,5.034,4.934,7.388,7.036,6.896,4.72,4.37,4.108
"i3en.2xlarge",8,64,25,0.904,0.2712,0.616,0.5862,0.5747,0.393,0.3641,0.3424,0.713,0.6795,0.6654,0.453,0.4198,0.4112,0.713,0.679,0.665,0.453,0.42,0.411,0.616,0.586,0.575,0.393,0.364,0.342
"i3en.3xlarge",12,96,25,1.356,0.4068,0.924,0.8797,0.862,0.59,0.5462,0.5135,1.069,1.0182,0.9982,0.68,0.6297,0.6168,1.069,1.018,0.998,0.68,0.63,0.617,0.924,0.88,0.862,0.59,0.546,0.514
"i3en.6xlarge",24,192,25,2.712,0.8136,1.847,1.7596,1.7239,1.18,1.0923,1.0271,2.139,2.0375,1.9963,1.359,1.2584,1.2336,2.139,2.037,1.996,1.359,1.258,1.234,1.847,1.76,1.724,1.18,1.092,1.027
"i3en.large",2,16,25,0.226,0.0678,0.154,0.1463,0.1436,0.098,0.0915,0.0856,0.178,0.1699,0.1663,0.113,0.1044,0.1028,0.178,0.17,0.166,0.113,0.104,0.103,0.154,0.146,0.144,0.098,0.092,0.086
"i3en.metal",96,768,100,10.848,3.2544,7.388,7.0362,6.8955,4.72,4.3703,4.1083,8.556,8.1481,7.9853,5.438,5.0344,4.9342,8.556,8.148,7.985,5.438,5.034,4.934,7.388,7.036,6.896,4.72,4.37,4.108
"i3en.xlarge",4,32,25,0.452,0.1356,0.308,0.2936,0.2873,0.197,0.1821,0.1712,0.356,0.3397,0.3328,0.227,0.2099,0.2056,0.356,0.34,0.333,0.227,0.21,0.206,0.308,0.294,0.287,0.197,0.182,0.171
"i4i.16xlarge",64,512,37.5,5.491,1.6473,3.563,3.3938,3.3257,2.54,2.352,2.2109,4.276,4.0722,3.9909,3.048,2.8222,2.7659,4.276,4.072,3.991,3.048,2.822,2.766,3.563,3.394,3.326,2.54,2.352,2.211
"i4i.2xlarge",8,64,12,0.686,0.2058,0.445,0.4241,0.4158,0.318,0.294,0.2764,0.534,0.5096,0.4989,0.381,0.3524,0.3457,0.534,0.509,0.499,0.381,0.353,0.346,0.445,0.424,0.416,0.318,0.294,0.276
"i4i.32xlarge",128,1024,75,10.9824,3.2947,7.1266,6.7872,6.6515,5.0803,4.704,4.4218,8.5519,8.1447,7.9817,6.0964,5.6448,5.5319,8.55187,8.14464,7.98174,6.09638,5.6448,5.5319,7.12656,6.7872,6.65146,5.08032,4.704,4.42176
"i4i.4xlarge",16,128,25,1.373,0.4119,0.891,0.8482,0.8314,0.635,0.588,0.5527,1.069,1.018,0.9977,0.762,0.7058,0.6915,1.069,1.018,0.998,0.762,0.706,0.691,0.891,0.848,0.831,0.635,0.588,0.553
"i4i.8xlarge",32,256,18.75,2.746,0.8238,1.782,1.6964,1.6629,1.27,1.176,1.1054,2.138,2.036,1.9954,1.524,1.4116,1.383,2.138,2.036,1.995,1.524,1.411,1.383,1.782,1.697,1.663,1.27,1.176,1.105
"i4i.large",2,16,10,0.172,0.0516,0.111,0.106,0.1039,0.079,0.0738,0.0691,0.134,0.1276,0.1248,0.095,0.0881,0.0865,0.134,0.127,0.125,0.095,0.088,0.086,0.111,0.106,0.104,0.079,0.074,0.069
"i4i.xlarge",4,32,10,0.343,0.1029,0.223,0.212,0.2079,0.159,0.1475,0.1382,0.267,0.2543,0.2494,0.191,0.1762,0.1729,0.267,0.255,0.249,0.191,0.176,0.173,0.223,0.212,0.208,0.159,0.147,0.138
"im4gn.16xlarge",64,256,100,5.8207,2.9704,3.733,3.5552,3.4841,2.6611,2.464,2.3162,4.4795,4.2662,4.1809,3.1933,2.9568,2.8977,4.47955,4.26624,4.18092,3.19334,2.9568,2.89766,3.73296,3.5552,3.4841,2.66112,2.464,2.31616
"im4gn.2xlarge",8,32,25,0.7276,0.3765,0.4666,0.4443,0.4355,0.3326,0.308,0.2895,0.5599,0.5333,0.5226,0.3992,0.3696,0.3622,0.55994,0.53328,0.52261,0.39917,0.3696,0.36221,0.46662,0.4444,0.43551,0.33264,0.308,0.28952
"im4gn.4xlarge",16,64,25,1.4552,0.7502,0.9332,0.8888,0.871,0.6653,0.616,0.579,1.1199,1.0666,1.0452,0.7983,0.7392,0.7244,1.11989,1.06656,1.04523,0.79834,0.7392,0.72442,0.93324,0.8888,0.87102,0.66528,0.616,0.57904
"im4gn.8xlarge",32,128,50,2.9103,1.3389,1.8665,1.7776,1.742,1.3306,1.232,1.1581,2.2398,2.1331,2.0904,1.5967,1.4784,1.4488,2.23978,2.13312,2.09046,1.59667,1.4784,1.44883,1.86648,1.7776,1.74205,1.33056,1.232,1.15808
"im4gn.large",2,8,25,0.1819,0.0939,0.1167,0.1111,0.1089,0.0832,0.077,0.0724,0.14,0.1333,0.1307,0.0998,0.0924,0.0906,0.13999,0.13332,0.13065,0.09979,0.0924,0.09055,0.11665,0.1111,0.10888,0.08316,0.077,0.07238
"im4gn.xlarge",4,16,25,0.3638,0.1802,0.2333,0.2222,0.2178,0.1663,0.154,0.1447,0.28,0.2667,0.2613,0.1996,0.1848,0.1811,0.27997,0.26664,0.26131,0.19958,0.1848,0.1811,0.23331,0.2222,0.21776,0.16632,0.154,0.14476
"inf1.24xlarge",96,192,100,4.721,2.188,2.974,2.8324,2.7761,2.269,2.1005,1.9749,3.421,3.2579,3.1926,2.607,2.414,2.3657,3.421,3.258,3.193,2.607,2.414,2.366,2.974,2.833,2.776,2.269,2.101,1.975
"inf1.2xlarge",8,16,25,0.362,0.2072,0.228,0.2176,0.2129,0.174,0.1616,0.1514,0.262,0.2499,0.2447,0.2,0.1855,0.1814,0.262,0.25,0.245,0.2,0.185,0.181,0.228,0.217,0.213,0.174,0.161,0.151
"inf1.6xlarge",24,48,25,1.18,0.6003,0.744,0.7081,0.6941,0.567,0.5256,0.4937,0.855,0.8142,0.7982,0.652,0.6038,0.5914,0.855,0.814,0.798,0.652,0.603,0.591,0.744,0.708,0.694,0.567,0.525,0.494
"inf1.xlarge",4,8,25,0.228,0.1227,0.144,0.1365,0.1341,0.11,0.1018,0.0954,0.165,0.1578,0.1543,0.126,0.1163,0.1143,0.165,0.157,0.154,0.126,0.117,0.114,0.144,0.137,0.134,0.11,0.102,0.095
"is4gen.2xlarge",8,48,25,1.1526,0.3623,0.7861,0.7487,0.7337,0.5012,0.4641,0.4363,0.9433,0.8984,0.8805,0.6015,0.5569,0.5458,0.94334,0.89842,0.88045,0.60147,0.55692,0.54578,0.78611,0.74868,0.73371,0.50123,0.4641,0.43625
"is4gen.4xlarge",16,96,25,2.3052,0.7419,1.5722,1.4973,1.4675,1.0025,0.9282,0.8725,1.8867,1.7968,1.7608,1.2029,1.1138,1.0916,1.88667,1.79683,1.7609,1.20295,1.11384,1.09156,1.57223,1.49736,1.46741,1.00246,0.9282,0.87251
"is4gen.8xlarge",32,192,50,4.6104,1.4319,3.1445,2.9947,2.9348,2.0049,1.8564,1.745,3.7734,3.5936,3.5218,2.4059,2.2277,2.1831,3.77335,3.59366,3.52179,2.40589,2.22768,2.18313,3.14446,2.99472,2.93483,2.00491,1.8564,1.74502
"is4gen.large",2,12,25,0.2882,0.0926,0.1965,0.1872,0.1834,0.1253,0.116,0.1091,0.2358,0.2246,0.2201,0.1504,0.1392,0.1365,0.23583,0.2246,0.22011,0.15037,0.13923,0.13645,0.19653,0.18717,0.18343,0.12531,0.11603,0.10906
"is4gen.medium",1,6,25,0.1441,0.0465,0.0983,0.0936,0.0917,0.0626,0.058,0.0545,0.1179,0.1123,0.11,0.0752,0.0696,0.0682,0.11792,0.1123,0.11006,0.07518,0.06961,0.06822,0.09826,0.09358,0.09171,0.06265,0.05801,0.05453
"is4gen.xlarge",4,24,25,0.5763,0.1874,0.3931,0.3744,0.3669,0.2506,0.2321,0.2181,0.4717,0.4493,0.4402,0.3007,0.2785,0.2729,0.47167,0.44921,0.44022,0.30074,0.27846,0.27289,0.39306,0.37434,0.36685,0.25061,0.23205,0.21813
"m4.10xlarge",40,160,10,2,0.7059,1.239,1.18,1.1564,0.864,0.8,0.752,1.4249,1.357,1.3299,0.9936,0.92,0.9016,1.4249,1.357,1.3299,0.9936,0.92,0.9016,1.239,1.18,1.1564,0.864,0.8,0.752
"m4.16xlarge",64,256,25,3.2,1.076,1.9824,1.888,1.8502,1.3824,1.28,1.2032,2.2798,2.1712,2.1277,1.5898,1.472,1.4425,2.2798,2.1712,2.1277,1.5898,1.472,1.4425,1.9824,1.888,1.8502,1.3824,1.28,1.2032
"m5.12xlarge",48,192,12,2.304,0.6452,1.452,1.3822,1.3548,0.995,0.9218,0.8663,1.693,1.612,1.5799,1.168,1.0819,1.0603,1.693,1.612,1.58,1.168,1.082,1.06,1.452,1.382,1.355,0.995,0.922,0.866
"m5.16xlarge",64,256,20,3.072,1.2609,1.935,1.8436,1.8064,1.327,1.2284,1.1551,2.257,2.1498,2.1065,1.558,1.4423,1.4137,2.257,2.149,2.106,1.558,1.443,1.414,1.935,1.843,1.806,1.327,1.229,1.155
"m5.24xlarge",96,384,25,4.608,0.9578,2.903,2.7644,2.7095,1.991,1.8436,1.7326,3.385,3.2241,3.1597,2.337,2.1639,2.1205,3.385,3.224,3.16,2.337,2.164,2.121,2.903,2.765,2.71,1.991,1.843,1.733
"m5.2xlarge",8,32,10,0.384,0.1134,0.242,0.2302,0.2258,0.166,0.1538,0.1444,0.282,0.2684,0.2634,0.195,0.1801,0.1767,0.282,0.269,0.263,0.195,0.18,0.177,0.242,0.23,0.226,0.166,0.154,0.144
"m5.4xlarge",16,64,10,0.768,0.2157,0.484,0.4604,0.4516,0.332,0.3076,0.2888,0.564,0.5377,0.5266,0.389,0.3603,0.3534,0.564,0.537,0.527,0.389,0.361,0.353,0.484,0.461,0.452,0.332,0.307,0.289
"m5.8xlarge",32,128,10,1.536,0.3517,0.968,0.9218,0.9032,0.664,0.6142,0.5775,1.128,1.0743,1.0532,0.779,0.7217,0.7068,1.128,1.075,1.053,0.779,0.721,0.707,0.968,0.922,0.903,0.664,0.614,0.578
"m5.large",2,8,10,0.096,0.0333,0.06,0.0578,0.0564,0.041,0.0382,0.0361,0.071,0.0676,0.0659,0.049,0.0455,0.0442,0.071,0.067,0.066,0.049,0.045,0.044,0.06,0.058,0.056,0.041,0.038,0.036
"m5.metal",96,384,25,4.608,1.6358,2.903,2.7644,2.7095,1.991,1.8436,1.7326,3.385,3.2241,3.1597,2.337,2.1639,2.1205,3.385,3.224,3.16,2.337,2.164,2.121,2.903,2.765,2.71,1.991,1.843,1.733
"m5.xlarge",4,16,10,0.192,0.0468,0.121,0.1156,0.1129,0.083,0.0764,0.0722,0.141,0.1341,0.1316,0.097,0.0901,0.0884,0.141,0.134,0.132,0.097,0.09,0.088,0.121,0.115,0.113,0.083,0.077,0.072
"m5a.12xlarge",48,192,10,2.064,0.8834,1.3,1.2382,1.2136,0.892,0.8258,0.7761,1.511,1.4383,1.4098,1.043,0.966,0.9467,1.511,1.439,1.41,1.043,0.966,0.947,1.3,1.238,1.214,0.892,0.826,0.776
"m5a.16xlarge",64,256,12,2.752,1.261,1.734,1.6516,1.6182,1.189,1.1004,1.0347,2.014,1.918,1.8798,1.391,1.2879,1.2622,2.014,1.918,1.88,1.391,1.288,1.262,1.734,1.651,1.618,1.189,1.101,1.035
"m5a.24xlarge",96,384,20,4.128,1.5762,2.601,2.4764,2.4273,1.783,1.6516,1.5521,3.021,2.8776,2.8196,2.086,1.9319,1.8933,3.021,2.877,2.82,2.086,1.932,1.893,2.601,2.477,2.427,1.783,1.651,1.552
"m5a.2xlarge",8,32,10,0.344,0.1725,0.217,0.2062,0.2023,0.149,0.1378,0.1293,0.252,0.2399,0.2349,0.174,0.1605,0.1578,0.252,0.24,0.235,0.174,0.161,0.158,0.217,0.206,0.202,0.149,0.138,0.129
"m5a.4xlarge",16,64,10,0.688,0.3427,0.433,0.4124,0.4046,0.297,0.2756,0.2587,0.504,0.4797,0.47,0.348,0.322,0.3156,0.504,0.48,0.47,0.348,0.322,0.316,0.433,0.413,0.405,0.297,0.275,0.259
"m5a.8xlarge",32,128,10,1.376,0.6528,0.867,0.8258,0.8091,0.594,0.5502,0.5174,1.007,0.9596,0.9398,0.695,0.644,0.6311,1.007,0.959,0.94,0.695,0.644,0.631,0.867,0.826,0.809,0.594,0.55,0.517
"m5a.large",2,8,10,0.086,0.0425,0.054,0.0518,0.0506,0.037,0.0342,0.0323,0.063,0.06,0.0588,0.043,0.0401,0.0395,0.063,0.06,0.059,0.043,0.04,0.039,0.054,0.052,0.051,0.037,0.034,0.032
"m5a.xlarge",4,16,10,0.172,0.0842,0.108,0.1036,0.1011,0.074,0.0684,0.0647,0.126,0.1199,0.1175,0.087,0.0803,0.0789,0.126,0.12,0.117,0.087,0.08,0.079,0.108,0.103,0.101,0.074,0.069,0.065
"m5ad.12xlarge",48,192,10,2.472,0.9323,1.557,1.4836,1.4535,1.068,0.9884,0.9295,1.817,1.7302,1.6958,1.247,1.1542,1.1313,1.817,1.73,1.696,1.247,1.154,1.131,1.557,1.483,1.454,1.068,0.989,0.929
"m5ad.16xlarge",64,256,12,3.296,1.0035,2.076,1.9778,1.938,1.424,1.3182,1.2393,2.423,2.3077,2.2611,1.662,1.5396,1.5084,2.423,2.307,2.261,1.662,1.539,1.508,2.076,1.978,1.938,1.424,1.318,1.239
"m5ad.24xlarge",96,384,20,4.944,1.8792,3.115,2.9662,2.9071,2.136,1.9778,1.8589,3.634,3.4604,3.3916,2.494,2.3084,2.2627,3.634,3.461,3.392,2.494,2.309,2.263,3.115,2.966,2.907,2.136,1.978,1.859
"m5ad.2xlarge",8,32,10,0.412,0.1641,0.26,0.2476,0.2422,0.178,0.1644,0.1549,0.303,0.2882,0.2826,0.208,0.1922,0.1885,0.303,0.288,0.283,0.208,0.192,0.189,0.26,0.247,0.242,0.178,0.165,0.155
"m5ad.4xlarge",16,64,10,0.824,0.3447,0.519,0.4941,0.4845,0.356,0.3298,0.3098,0.606,0.5764,0.5653,0.416,0.3844,0.3771,0.606,0.577,0.565,0.416,0.385,0.377,0.519,0.494,0.485,0.356,0.33,0.31
"m5ad.8xlarge",32,128,10,1.648,0.5849,1.038,0.9884,0.9691,0.712,0.6596,0.6196,1.211,1.1538,1.1305,0.831,0.7698,0.7542,1.211,1.154,1.131,0.831,0.77,0.754,1.038,0.989,0.969,0.712,0.659,0.62
"m5ad.large",2,8,10,0.103,0.0429,0.065,0.0619,0.0606,0.044,0.0416,0.0387,0.076,0.0721,0.0707,0.052,0.048,0.0471,0.076,0.072,0.071,0.052,0.048,0.047,0.065,0.062,0.061,0.044,0.041,0.039
"m5ad.xlarge",4,16,10,0.206,0.0706,0.13,0.1238,0.1211,0.089,0.0822,0.0775,0.151,0.1441,0.1413,0.104,0.0961,0.0943,0.151,0.144,0.141,0.104,0.096,0.094,0.13,0.124,0.121,0.089,0.082,0.077
"m5d.12xlarge",48,192,12,2.712,0.9628,1.709,1.6276,1.5946,1.172,1.0844,1.0197,1.986,1.8917,1.8535,1.365,1.2639,1.2386,1.986,1.891,1.854,1.365,1.264,1.239,1.709,1.627,1.595,1.172,1.085,1.02
"m5d.16xlarge",64,256,20,3.616,1.0687,2.278,2.1698,2.1263,1.562,1.4462,1.3596,2.648,2.5218,2.4713,1.82,1.6856,1.6514,2.648,2.522,2.471,1.82,1.685,1.651,2.278,2.17,2.126,1.562,1.446,1.36
"m5d.24xlarge",96,384,25,5.424,1.8006,3.417,3.2542,3.1893,2.343,2.1698,2.0394,3.972,3.7823,3.7071,2.73,2.5279,2.4771,3.972,3.783,3.707,2.73,2.528,2.477,3.417,3.254,3.189,2.343,2.17,2.039
"m5d.2xlarge",8,32,10,0.452,0.1674,0.285,0.2716,0.2658,0.195,0.1804,0.1699,0.331,0.3156,0.3089,0.227,0.2103,0.2064,0.331,0.315,0.309,0.227,0.211,0.206,0.285,0.271,0.266,0.195,0.181,0.17
"m5d.4xlarge",16,64,10,0.904,0.3346,0.57,0.5422,0.5315,0.391,0.3618,0.3399,0.662,0.6302,0.6178,0.455,0.4217,0.4129,0.662,0.63,0.618,0.455,0.421,0.413,0.57,0.542,0.532,0.391,0.362,0.34
"m5d.8xlarge",32,128,10,1.808,0.5748,1.139,1.0844,1.0631,0.781,0.7236,0.6798,1.324,1.2605,1.2357,0.91,0.8423,0.8257,1.324,1.261,1.236,0.91,0.843,0.826,1.139,1.085,1.063,0.781,0.723,0.68
"m5d.large",2,8,10,0.113,0.0332,0.071,0.0679,0.0664,0.049,0.0456,0.0425,0.083,0.0784,0.0773,0.057,0.0523,0.0516,0.083,0.079,0.077,0.057,0.053,0.052,0.071,0.068,0.066,0.049,0.045,0.042
"m5d.metal",96,384,25,5.424,0.9578,3.417,3.2542,3.1893,2.343,2.1698,2.0394,3.972,3.7823,3.7071,2.73,2.5279,2.4771,3.972,3.783,3.707,2.73,2.528,2.477,3.417,3.254,3.189,2.343,2.17,2.039
"m5d.xlarge",4,16,10,0.226,0.0785,0.142,0.1358,0.1329,0.098,0.0902,0.085,0.165,0.1578,0.1545,0.114,0.1057,0.1032,0.165,0.158,0.154,0.114,0.105,0.103,0.142,0.136,0.133,0.098,0.09,0.085
"m5dn.12xlarge",48,192,50,3.264,0.7339,2.056,1.9582,1.9192,1.269,1.1755,1.1045,2.385,2.2718,2.2263,1.459,1.3516,1.3243,2.385,2.272,2.226,1.459,1.351,1.324,2.056,1.958,1.919,1.269,1.175,1.105
"m5dn.16xlarge",64,256,75,4.352,0.9111,2.742,2.6116,2.559,1.692,1.5664,1.4727,3.18,3.0285,2.9684,1.946,1.8019,1.7657,3.18,3.029,2.968,1.946,1.802,1.766,2.742,2.611,2.559,1.692,1.567,1.473
"m5dn.24xlarge",96,384,100,6.528,1.6261,4.113,3.9164,3.8385,2.538,2.35,2.2091,4.771,4.5437,4.4526,2.919,2.7023,2.6486,4.771,4.543,4.453,2.919,2.703,2.649,4.113,3.917,3.838,2.538,2.35,2.209
"m5dn.2xlarge",8,32,25,0.544,0.1756,0.343,0.3262,0.3199,0.212,0.1959,0.1841,0.398,0.3783,0.371,0.243,0.2256,0.2207,0.398,0.379,0.371,0.243,0.225,0.221,0.343,0.326,0.32,0.212,0.196,0.184
"m5dn.4xlarge",16,64,25,1.088,0.3292,0.685,0.6524,0.6397,0.423,0.3919,0.3682,0.795,0.7577,0.7421,0.486,0.4502,0.4414,0.795,0.757,0.742,0.486,0.45,0.441,0.685,0.653,0.64,0.423,0.392,0.368
"m5dn.8xlarge",32,128,25,2.176,0.5639,1.371,1.3059,1.2795,0.846,0.7837,0.7363,1.59,1.5142,1.4842,0.973,0.9004,0.8828,1.59,1.514,1.484,0.973,0.901,0.883,1.371,1.306,1.279,0.846,0.783,0.736
"m5dn.large",2,8,25,0.136,0.0379,0.086,0.0818,0.08,0.053,0.0485,0.046,0.099,0.0944,0.0928,0.061,0.0562,0.0552,0.099,0.095,0.093,0.061,0.056,0.055,0.086,0.082,0.08,0.053,0.049,0.046
"m5dn.metal",96,384,100,6.528,1.4531,4.113,3.9164,3.8385,2.538,2.35,2.2091,4.771,4.5437,4.4526,2.919,2.7023,2.6486,4.771,4.543,4.453,2.919,2.703,2.649,4.113,3.917,3.838,2.538,2.35,2.209
"m5dn.xlarge",4,16,25,0.272,0.0778,0.171,0.1636,0.1599,0.106,0.098,0.092,0.199,0.1896,0.1855,0.122,0.1123,0.1104,0.199,0.189,0.186,0.122,0.113,0.11,0.171,0.163,0.16,0.106,0.098,0.092
"m5n.12xlarge",48,192,50,2.856,0.9876,1.799,1.7138,1.6793,1.101,1.0198,0.9584,2.084,1.9845,1.9452,1.265,1.1705,1.1475,2.084,1.985,1.945,1.265,1.171,1.148,1.799,1.714,1.679,1.101,1.02,0.958
"m5n.16xlarge",64,256,75,3.808,1.2703,2.399,2.2844,2.2392,1.468,1.3597,1.2779,2.779,2.6463,2.5936,1.686,1.5616,1.5301,2.779,2.647,2.594,1.686,1.561,1.53,2.399,2.285,2.239,1.468,1.359,1.278
"m5n.24xlarge",96,384,100,5.712,1.6748,3.599,3.4276,3.3587,2.202,2.0396,1.9168,4.168,3.9699,3.8904,2.529,2.342,2.2951,4.168,3.97,3.89,2.529,2.342,2.295,3.599,3.427,3.359,2.202,2.039,1.917
"m5n.2xlarge",8,32,25,0.476,0.1699,0.3,0.2858,0.2799,0.184,0.17,0.1597,0.347,0.3304,0.3242,0.211,0.1956,0.1912,0.347,0.331,0.324,0.211,0.195,0.191,0.3,0.286,0.28,0.184,0.17,0.16
"m5n.4xlarge",16,64,25,0.952,0.3484,0.6,0.5716,0.5598,0.367,0.3399,0.3195,0.695,0.6618,0.6484,0.422,0.3902,0.3825,0.695,0.662,0.648,0.422,0.39,0.383,0.6,0.571,0.56,0.367,0.34,0.319
"m5n.8xlarge",32,128,25,1.904,0.6874,1.2,1.1422,1.1195,0.734,0.6799,0.6389,1.389,1.3236,1.2968,0.843,0.7803,0.765,1.389,1.323,1.297,0.843,0.781,0.765,1.2,1.142,1.12,0.734,0.68,0.639
"m5n.large",2,8,25,0.119,0.0438,0.075,0.0717,0.07,0.046,0.0422,0.0399,0.087,0.0823,0.081,0.053,0.0484,0.0478,0.087,0.083,0.081,0.053,0.049,0.048,0.075,0.071,0.07,0.046,0.042,0.04
"m5n.metal",96,384,100,5.712,2.101,3.599,3.4276,3.3587,2.202,2.0396,1.9168,4.168,3.9699,3.8904,2.529,2.342,2.2951,4.168,3.97,3.89,2.529,2.342,2.295,3.599,3.427,3.359,2.202,2.039,1.917
"m5n.xlarge",4,16,25,0.238,0.079,0.15,0.1423,0.14,0.092,0.0845,0.0799,0.174,0.1656,0.1621,0.105,0.0978,0.0956,0.174,0.165,0.162,0.105,0.098,0.096,0.15,0.143,0.14,0.092,0.085,0.08
"m5zn.12xlarge",48,192,100,3.9641,1.0699,2.4974,2.3785,2.3309,1.7125,1.5856,1.4905,2.9968,2.8542,2.797,2.055,1.9028,1.8647,2.9968,2.8541,2.7971,2.055,1.9028,1.8647,2.4974,2.3784,2.3309,1.7125,1.5856,1.4905
"m5zn.2xlarge",8,32,25,0.6607,0.1651,0.4162,0.3964,0.3885,0.2854,0.2643,0.2484,0.4995,0.4757,0.4662,0.3425,0.3172,0.3108,0.4995,0.4757,0.4662,0.3425,0.3171,0.3108,0.4162,0.3964,0.3885,0.2854,0.2643,0.2484
"m5zn.3xlarge",12,48,25,0.991,0.2588,0.6243,0.5946,0.5828,0.4281,0.3964,0.3726,0.7492,0.7135,0.6993,0.5137,0.4757,0.4662,0.7492,0.7135,0.6993,0.5137,0.4757,0.4662,0.6243,0.5946,0.5827,0.4281,0.3964,0.3726
"m5zn.6xlarge",24,96,50,1.982,0.4839,1.2487,1.1892,1.1654,0.8562,0.7928,0.7452,1.4984,1.4271,1.3985,1.0275,0.9514,0.9323,1.4984,1.4271,1.3985,1.0275,0.9514,0.9324,1.2487,1.1892,1.1654,0.8562,0.7928,0.7452
"m5zn.large",2,8,25,0.1652,0.0332,0.1041,0.0991,0.0971,0.0714,0.066,0.0621,0.1249,0.119,0.1166,0.0856,0.0793,0.0777,0.1249,0.1189,0.1165,0.0856,0.0793,0.0777,0.1041,0.0991,0.0971,0.0714,0.0661,0.0621
"m5zn.metal",48,192,100,3.9641,0.7659,2.4974,2.3785,2.3309,1.7125,1.5856,1.4905,2.9968,2.8542,2.797,2.055,1.9028,1.8647,2.9968,2.8541,2.7971,2.055,1.9028,1.8647,2.4974,2.3784,2.3309,1.7125,1.5856,1.4905
"m5zn.xlarge",4,16,25,0.3303,0.087,0.2081,0.1982,0.1943,0.1427,0.1322,0.1242,0.2497,0.2379,0.2331,0.1712,0.1586,0.1554,0.2497,0.2378,0.2331,0.1712,0.1586,0.1554,0.2081,0.1982,0.1942,0.1427,0.1321,0.1242
"m6g.12xlarge",48,192,20,1.848,0.8632,1.1592,1.1039,1.082,0.8033,0.7438,0.6992,1.3606,1.2958,1.2699,0.9331,0.864,0.8467,1.3606,1.2958,1.2699,0.9331,0.8639,0.8467,1.1592,1.104,1.0819,0.8033,0.7438,0.6992
"m6g.16xlarge",64,256,25,2.464,0.8684,1.5456,1.472,1.4426,1.0711,0.9918,0.9323,1.8141,1.7278,1.6932,1.2441,1.152,1.1289,1.8141,1.7278,1.6932,1.2441,1.1519,1.1289,1.5456,1.472,1.4426,1.0711,0.9918,0.9323
"m6g.2xlarge",8,32,10,0.308,0.1312,0.1932,0.184,0.1804,0.1339,0.124,0.1165,0.2268,0.216,0.2116,0.1555,0.144,0.1411,0.2268,0.216,0.2117,0.1555,0.144,0.1411,0.1932,0.184,0.1803,0.1339,0.124,0.1165
"m6g.4xlarge",16,64,10,0.616,0.2397,0.3864,0.368,0.3606,0.2678,0.248,0.2331,0.4535,0.432,0.4233,0.311,0.288,0.2822,0.4535,0.4319,0.4233,0.311,0.288,0.2822,0.3864,0.368,0.3606,0.2678,0.2479,0.2331
"m6g.8xlarge",32,128,12,1.232,0.4762,0.7728,0.736,0.7212,0.5356,0.4958,0.4661,0.9071,0.8639,0.8466,0.622,0.576,0.5645,0.9071,0.8639,0.8466,0.622,0.576,0.5644,0.7728,0.736,0.7213,0.5356,0.4959,0.4661
"m6g.large",2,8,10,0.077,0.0368,0.0483,0.0459,0.0451,0.0335,0.031,0.0291,0.0567,0.0539,0.053,0.0389,0.036,0.0353,0.0567,0.054,0.0529,0.0389,0.036,0.0353,0.0483,0.046,0.0451,0.0335,0.031,0.0291
"m6g.medium",1,4,10,0.0385,0.0179,0.0241,0.023,0.0225,0.0167,0.0155,0.0146,0.0283,0.027,0.0265,0.0194,0.018,0.0177,0.0283,0.027,0.0265,0.0194,0.018,0.0176,0.0241,0.023,0.0225,0.0167,0.0155,0.0146
"m6g.metal",64,256,25,2.464,1.1153,1.5456,1.472,1.4426,1.0711,0.9918,0.9323,1.8141,1.7278,1.6932,1.2441,1.152,1.1289,1.8141,1.7278,1.6932,1.2441,1.1519,1.1289,1.5456,1.472,1.4426,1.0711,0.9918,0.9323
"m6g.xlarge",4,16,10,0.154,0.0569,0.0966,0.092,0.0902,0.0669,0.062,0.0583,0.1134,0.108,0.1058,0.0778,0.072,0.0705,0.1134,0.108,0.1058,0.0778,0.072,0.0706,0.0966,0.092,0.0902,0.0669,0.062,0.0583
"m6gd.12xlarge",48,192,20,2.1696,0.813,1.3668,1.3018,1.2757,0.9373,0.8678,0.8158,1.5803,1.505,1.475,1.0851,1.0048,0.9847,1.5803,1.5051,1.475,1.0851,1.0047,0.9846,1.3668,1.3018,1.2757,0.9373,0.8678,0.8158
"m6gd.16xlarge",64,256,25,2.8928,1.1579,1.8225,1.7356,1.7009,1.2497,1.1572,1.0877,2.1071,2.0068,1.9666,1.4468,1.3396,1.3129,2.1071,2.0067,1.9666,1.4468,1.3397,1.3129,1.8225,1.7357,1.701,1.2497,1.1571,1.0877
"m6gd.2xlarge",8,32,10,0.3616,0.1271,0.2278,0.2169,0.2127,0.1562,0.1446,0.136,0.2634,0.2509,0.2458,0.1809,0.1674,0.1641,0.2634,0.2508,0.2458,0.1809,0.1675,0.1641,0.2278,0.217,0.2126,0.1562,0.1446,0.136
"m6gd.4xlarge",16,64,10,0.7232,0.2948,0.4556,0.434,0.4252,0.3124,0.2892,0.2719,0.5268,0.5016,0.4917,0.3617,0.335,0.3282,0.5268,0.5017,0.4917,0.3617,0.3349,0.3282,0.4556,0.4339,0.4252,0.3124,0.2893,0.2719
"m6gd.8xlarge",32,128,12,1.4464,0.4953,0.9112,0.8678,0.8505,0.6248,0.5786,0.5438,1.0535,1.0034,0.9833,0.7234,0.6698,0.6564,1.0535,1.0034,0.9833,0.7234,0.6698,0.6564,0.9112,0.8678,0.8505,0.6248,0.5786,0.5438
"m6gd.large",2,8,10,0.0904,0.031,0.057,0.0543,0.0532,0.0391,0.0362,0.034,0.0658,0.0628,0.0614,0.0452,0.0418,0.041,0.0658,0.0627,0.0615,0.0452,0.0419,0.041,0.057,0.0542,0.0532,0.0391,0.0362,0.034
"m6gd.medium",1,4,10,0.0452,0.019,0.0285,0.0272,0.0266,0.0195,0.0181,0.017,0.0329,0.0313,0.0307,0.0226,0.021,0.0205,0.0329,0.0314,0.0307,0.0226,0.0209,0.0205,0.0285,0.0271,0.0266,0.0195,0.0181,0.017
"m6gd.metal",64,256,25,2.8928,0.8855,1.8225,1.7356,1.7009,1.2497,1.1572,1.0877,2.1071,2.0068,1.9666,1.4468,1.3396,1.3129,2.1071,2.0067,1.9666,1.4468,1.3397,1.3129,1.8225,1.7357,1.701,1.2497,1.1571,1.0877
"m6gd.xlarge",4,16,10,0.1808,0.0651,0.1139,0.1084,0.1063,0.0781,0.0723,0.068,0.1317,0.1254,0.1229,0.0904,0.0838,0.082,0.1317,0.1254,0.1229,0.0904,0.0837,0.0821,0.1139,0.1085,0.1063,0.0781,0.0723,0.068
"m6i.12xlarge",48,192,18.75,2.304,0.8367,1.5241,1.4516,1.4225,1.0451,0.9677,0.9096,1.6927,1.6121,1.5799,1.1685,1.0819,1.0603,1.69272,1.61212,1.57987,1.16847,1.08192,1.06028,1.5241,1.45152,1.42249,1.04509,0.96768,0.90962
"m6i.16xlarge",64,256,25,3.072,1.0775,2.0321,1.9354,1.8967,1.3935,1.2902,1.2128,2.257,2.1495,2.1065,1.558,1.4426,1.4137,2.25696,2.14949,2.1065,1.55796,1.44256,1.41371,2.03213,1.93536,1.89665,1.39346,1.29024,1.21283
"m6i.24xlarge",96,384,37.5,4.608,1.5337,3.0482,2.903,2.845,2.0902,1.9354,1.8193,3.3854,3.2242,3.1597,2.3369,2.1638,2.1205,3.38544,3.22423,3.15975,2.33695,2.16384,2.12056,3.04819,2.90304,2.84498,2.09019,1.93536,1.81924
"m6i.2xlarge",8,32,12.5,0.384,0.1663,0.254,0.242,0.2371,0.1742,0.1613,0.1516,0.2821,0.2687,0.2634,0.1948,0.1803,0.1767,0.28212,0.26869,0.26331,0.19475,0.18032,0.17671,0.25402,0.24192,0.23708,0.17418,0.16128,0.1516
"m6i.32xlarge",128,512,50,6.144,2.4609,4.0643,3.8707,3.7933,2.7869,2.5805,2.4256,4.5139,4.299,4.213,3.1159,2.8851,2.8274,4.51392,4.29898,4.213,3.11593,2.88512,2.82742,4.06426,3.87072,3.79331,2.78692,2.58048,2.42565
"m6i.4xlarge",16,64,12.5,0.768,0.2445,0.508,0.4838,0.4742,0.3484,0.3225,0.3032,0.5642,0.5374,0.5266,0.3895,0.3606,0.3534,0.56424,0.53737,0.52662,0.38949,0.36064,0.35343,0.50803,0.48384,0.47416,0.34836,0.32256,0.30321
"m6i.8xlarge",32,128,12.5,1.536,0.5834,1.0161,0.9676,0.9483,0.6967,0.6451,0.6064,1.1285,1.0747,1.0532,0.779,0.7213,0.7068,1.12848,1.07474,1.05325,0.77898,0.72128,0.70685,1.01606,0.96768,0.94833,0.69673,0.64512,0.60641
"m6i.large",2,8,12.5,0.096,0.0305,0.0635,0.0605,0.0592,0.0435,0.0403,0.0379,0.0705,0.0672,0.0659,0.0487,0.0451,0.0442,0.07053,0.06717,0.06583,0.04869,0.04508,0.04418,0.0635,0.06048,0.05927,0.04355,0.04032,0.0379
"m6i.metal",128,512,50,6.144,2.2134,4.0643,3.8707,3.7933,2.7869,2.5805,2.4256,4.5139,4.299,4.213,3.1159,2.8851,2.8274,4.51392,4.29898,4.213,3.11593,2.88512,2.82742,4.06426,3.87072,3.79331,2.78692,2.58048,2.42565
"m6i.xlarge",4,16,12.5,0.192,0.0663,0.127,0.121,0.1185,0.0871,0.0807,0.0758,0.1411,0.1343,0.1316,0.0974,0.0902,0.0884,0.14106,0.13434,0.13166,0.09737,0.09016,0.08836,0.12701,0.12096,0.11854,0.08709,0.08064,0.0758
"p2.16xlarge",64,732,25,14.4,7.3014,9.828,9.36,9.1728,7.344,6.8,6.392,11.302,10.764,10.5487,8.446,7.82,7.6637,11.302,10.764,10.549,8.446,7.82,7.664,9.828,9.36,9.173,7.344,6.8,6.392
"p2.8xlarge",32,488,10,7.2,2.16,4.914,4.68,4.5864,3.672,3.4,3.196,5.651,5.382,5.2743,4.223,3.91,3.8318,5.651,5.382,5.274,4.223,3.91,3.832,4.914,4.68,4.586,3.672,3.4,3.196
"p3.16xlarge",64,488,25,24.48,7.344,16.708,15.9121,15.5937,9.057,8.3861,7.883,19.227,18.3115,17.9449,14.356,13.2923,13.0268,19.227,18.311,17.945,14.356,13.292,13.027,16.708,15.912,15.594,9.057,8.386,7.883
"p3.2xlarge",8,61,10,3.06,0.918,2.088,1.9895,1.9492,1.132,1.0481,0.9853,2.403,2.2884,2.2432,1.795,1.6618,1.6283,2.403,2.288,2.243,1.795,1.662,1.628,2.088,1.99,1.949,1.132,1.048,0.985
"p3.8xlarge",32,244,10,12.24,3.672,8.354,7.956,7.7969,4.529,4.1935,3.9415,9.613,9.1557,8.9724,7.178,6.6462,6.5134,9.613,9.156,8.972,7.178,6.646,6.513,8.354,7.956,7.797,4.529,4.194,3.941
"p4d.24xlarge",96,1152,400,32.7726,9.8318,20.1755,19.2148,18.8305,12.499,11.5731,10.8787,24.2106,23.0577,22.5966,14.9988,13.8877,13.61,24.2105979,23.0577123,22.5965581,14.9987536,13.8877348,13.6099801,20.1754983,19.2147603,18.8304651,12.4989613,11.5731123,10.8787256
"r4.16xlarge",64,488,25,4.256,1.1447,2.688,2.5538,2.5025,1.8317,1.7022,1.6003,3.0912,2.944,2.885,2.1064,1.9504,1.9114,3.0912,2.944,2.885,2.1064,1.9504,1.9114,2.688,2.554,2.5025,1.8317,1.702,1.6003
"r4.2xlarge",8,61,10,0.532,0.174,0.336,0.3196,0.3128,0.229,0.2124,0.2,0.3864,0.368,0.3606,0.2633,0.2438,0.2389,0.3864,0.368,0.3606,0.2633,0.2438,0.2389,0.336,0.32,0.3128,0.229,0.212,0.2
"r4.4xlarge",16,122,10,1.064,0.3228,0.672,0.6382,0.6257,0.4579,0.4258,0.4001,0.7728,0.736,0.7212,0.5266,0.4876,0.4779,0.7728,0.736,0.7212,0.5266,0.4876,0.4779,0.672,0.638,0.6257,0.4579,0.426,0.4001
"r4.8xlarge",32,244,10,2.128,0.5262,1.344,1.2764,1.2513,0.9158,0.8516,0.8001,1.5456,1.472,1.4426,1.0532,0.9752,0.9557,1.5456,1.472,1.4426,1.0532,0.9752,0.9557,1.344,1.276,1.2513,0.9158,0.852,0.8001
"r4.large",2,15.25,10,0.133,0.0374,0.084,0.08,0.0782,0.0572,0.0536,0.05,0.0966,0.092,0.0902,0.0658,0.061,0.0597,0.0966,0.092,0.0902,0.0658,0.061,0.0597,0.084,0.08,0.0782,0.0572,0.054,0.05
"r4.xlarge",4,30.5,10,0.266,0.0675,0.168,0.1598,0.1564,0.1145,0.1062,0.1,0.1932,0.184,0.1804,0.1317,0.1219,0.1194,0.1932,0.184,0.1804,0.1317,0.1219,0.1194,0.168,0.16,0.1564,0.1145,0.106,0.1
"r5.12xlarge",48,384,12,3.024,0.8716,1.905,1.8142,1.7781,1.306,1.2098,1.137,2.191,2.0863,2.0449,1.577,1.4603,1.4314,2.191,2.087,2.045,1.577,1.461,1.431,1.905,1.814,1.778,1.306,1.21,1.137
"r5.16xlarge",64,512,20,4.032,0.6689,2.54,2.4196,2.3708,1.742,1.6124,1.516,2.921,2.7821,2.7265,2.103,1.9477,1.9085,2.921,2.782,2.726,2.103,1.947,1.909,2.54,2.419,2.371,1.742,1.613,1.516
"r5.24xlarge",96,768,25,6.048,1.3149,3.81,3.6284,3.5563,2.613,2.4196,2.274,4.382,4.1735,4.0896,3.155,2.9216,2.8627,4.382,4.173,4.09,3.155,2.921,2.863,3.81,3.629,3.556,2.613,2.419,2.274
"r5.2xlarge",8,64,10,0.504,0.1509,0.318,0.3023,0.2963,0.218,0.2018,0.1895,0.365,0.3479,0.3408,0.263,0.2437,0.2385,0.365,0.348,0.341,0.263,0.243,0.239,0.318,0.302,0.296,0.218,0.202,0.19
"r5.4xlarge",16,128,10,1.008,0.2532,0.635,0.6044,0.5927,0.435,0.4036,0.379,0.73,0.6957,0.6816,0.526,0.4864,0.4771,0.73,0.696,0.682,0.526,0.487,0.477,0.635,0.605,0.593,0.435,0.403,0.379
"r5.8xlarge",32,256,10,2.016,0.3345,1.27,1.2098,1.1854,0.871,0.8062,0.758,1.461,1.3915,1.3632,1.052,0.9739,0.9543,1.461,1.391,1.363,1.052,0.974,0.954,1.27,1.21,1.185,0.871,0.806,0.758
"r5.large",2,16,10,0.126,0.0347,0.079,0.0758,0.0741,0.054,0.0502,0.0474,0.091,0.0865,0.0852,0.066,0.0604,0.0596,0.091,0.087,0.085,0.066,0.061,0.06,0.079,0.076,0.074,0.054,0.05,0.047
"r5.metal",96,768,25,6.048,1.8879,3.81,3.6284,3.5563,2.613,2.4196,2.274,4.382,4.1735,4.0896,3.155,2.9216,2.8627,4.382,4.173,4.09,3.155,2.921,2.863,3.81,3.629,3.556,2.613,2.419,2.274
"r5.xlarge",4,32,10,0.252,0.0689,0.159,0.1516,0.1482,0.109,0.1004,0.0947,0.183,0.174,0.1704,0.131,0.1218,0.1193,0.183,0.174,0.17,0.131,0.122,0.119,0.159,0.151,0.148,0.109,0.101,0.095
"r5a.12xlarge",48,384,10,2.712,0.9391,1.709,1.6276,1.5946,1.172,1.0844,1.0197,1.971,1.8764,1.8392,1.415,1.3099,1.2837,1.971,1.877,1.839,1.415,1.31,1.284,1.709,1.627,1.595,1.172,1.085,1.02
"r5a.16xlarge",64,512,12,3.616,1.0298,2.278,2.1698,2.1263,1.562,1.4462,1.3596,2.627,2.5021,2.4523,1.886,1.7463,1.7116,2.627,2.502,2.452,1.886,1.747,1.712,2.278,2.17,2.126,1.562,1.446,1.36
"r5a.24xlarge",96,768,20,5.424,1.5879,3.417,3.2542,3.1893,2.343,2.1698,2.0394,3.941,3.7537,3.6783,2.829,2.6199,2.5674,3.941,3.753,3.678,2.829,2.62,2.567,3.417,3.254,3.189,2.343,2.17,2.039
"r5a.2xlarge",8,64,10,0.452,0.1715,0.285,0.2716,0.2658,0.195,0.1804,0.1699,0.328,0.3124,0.3065,0.236,0.2182,0.214,0.328,0.313,0.307,0.236,0.218,0.214,0.285,0.271,0.266,0.195,0.181,0.17
"r5a.4xlarge",16,128,10,0.904,0.2681,0.57,0.5422,0.5315,0.391,0.3618,0.3399,0.657,0.6258,0.613,0.472,0.4363,0.4279,0.657,0.626,0.613,0.472,0.437,0.428,0.57,0.542,0.532,0.391,0.362,0.34
"r5a.8xlarge",32,256,10,1.808,0.6263,1.139,1.0844,1.0631,0.781,0.7236,0.6798,1.314,1.2516,1.2261,0.943,0.8736,0.8558,1.314,1.251,1.226,0.943,0.873,0.856,1.139,1.085,1.063,0.781,0.723,0.68
"r5a.large",2,16,10,0.113,0.0416,0.071,0.0679,0.0664,0.049,0.0456,0.0425,0.082,0.078,0.0766,0.059,0.0543,0.0535,0.082,0.078,0.077,0.059,0.055,0.053,0.071,0.068,0.066,0.049,0.045,0.042
"r5a.xlarge",4,32,10,0.226,0.0859,0.142,0.1358,0.1329,0.098,0.0902,0.085,0.164,0.1562,0.1533,0.118,0.1096,0.107,0.164,0.156,0.153,0.118,0.109,0.107,0.142,0.136,0.133,0.098,0.09,0.085
"r5ad.12xlarge",48,384,10,3.144,0.9234,1.981,1.8862,1.8486,1.358,1.2578,1.1822,2.288,2.1784,2.1352,1.62,1.4998,1.4697,2.288,2.179,2.135,1.62,1.5,1.47,1.981,1.886,1.849,1.358,1.258,1.182
"r5ad.16xlarge",64,512,12,4.192,1.0464,2.641,2.5156,2.4648,1.811,1.6764,1.5762,3.05,2.9055,2.8469,2.16,1.9998,1.9596,3.05,2.905,2.847,2.16,2,1.96,2.641,2.515,2.465,1.811,1.677,1.576
"r5ad.24xlarge",96,768,20,6.288,1.7542,3.961,3.7724,3.6974,2.716,2.5156,2.3643,4.575,4.3578,4.2704,3.239,2.9997,2.9394,4.575,4.358,4.27,3.239,2.999,2.939,3.961,3.773,3.697,2.716,2.515,2.364
"r5ad.2xlarge",8,64,10,0.524,0.1766,0.33,0.3142,0.3081,0.226,0.2098,0.197,0.381,0.3636,0.3558,0.27,0.25,0.2449,0.381,0.363,0.356,0.27,0.25,0.245,0.33,0.314,0.308,0.226,0.21,0.197
"r5ad.4xlarge",16,128,10,1.048,0.3449,0.66,0.6284,0.6162,0.453,0.4196,0.3941,0.763,0.7261,0.7118,0.54,0.5,0.4899,0.763,0.726,0.712,0.54,0.5,0.49,0.66,0.629,0.616,0.453,0.419,0.394
"r5ad.8xlarge",32,256,10,2.096,0.5827,1.32,1.2578,1.2324,0.905,0.8382,0.7881,1.525,1.4523,1.4235,1.08,0.9999,0.9798,1.525,1.453,1.423,1.08,1,0.98,1.32,1.258,1.232,0.905,0.838,0.788
"r5ad.large",2,16,10,0.131,0.0302,0.083,0.0783,0.0771,0.057,0.0522,0.0492,0.095,0.0904,0.0889,0.067,0.0622,0.0612,0.095,0.091,0.089,0.067,0.062,0.061,0.083,0.079,0.077,0.057,0.052,0.049
"r5ad.xlarge",4,32,10,0.262,0.0718,0.165,0.1577,0.1541,0.113,0.1044,0.0985,0.191,0.1818,0.178,0.135,0.1245,0.1225,0.191,0.182,0.178,0.135,0.125,0.122,0.165,0.157,0.154,0.113,0.105,0.099
"r5b.12xlarge",48,384,12,3.576,0.9221,2.2529,2.1456,2.1027,1.4483,1.341,1.2605,2.5908,2.4674,2.418,1.6684,1.5448,1.5139,2.590812,2.46744,2.4180912,1.6684186,1.544832,1.5139354,2.25288,2.1456,2.102688,1.44828,1.341,1.26054
"r5b.16xlarge",64,512,20,4.768,1.4019,3.0038,2.8608,2.8035,1.931,1.788,1.6807,3.4544,3.2899,3.2241,2.2246,2.0598,2.0186,3.454416,3.28992,3.2241216,2.2245581,2.059776,2.0185805,3.00384,2.8608,2.803584,1.93104,1.788,1.68072
"r5b.24xlarge",96,768,25,7.152,1.8523,4.5058,4.2911,4.2054,2.8966,2.682,2.5211,5.1816,4.9349,4.8362,3.3368,3.0897,3.0279,5.181624,4.93488,4.8361824,3.3368371,3.089664,3.0278707,4.50576,4.2912,4.205376,2.89656,2.682,2.52108
"r5b.2xlarge",8,64,10,0.596,0.138,0.3755,0.3576,0.3505,0.2414,0.2235,0.2101,0.4318,0.4112,0.403,0.2781,0.2575,0.2523,0.431802,0.41124,0.4030152,0.2780698,0.257472,0.2523226,0.37548,0.3576,0.350448,0.24138,0.2235,0.21009
"r5b.4xlarge",16,128,10,1.192,0.3281,0.751,0.7152,0.7009,0.4828,0.447,0.4202,0.8636,0.8224,0.8061,0.5561,0.5149,0.5046,0.863604,0.82248,0.8060304,0.5561395,0.514944,0.5046451,0.75096,0.7152,0.700896,0.48276,0.447,0.42018
"r5b.8xlarge",32,256,10,2.384,0.7002,1.5019,1.4304,1.4018,0.9655,0.894,0.8404,1.7272,1.645,1.6121,1.1123,1.0299,1.0093,1.727208,1.64496,1.6120608,1.112279,1.029888,1.0092902,1.50192,1.4304,1.401792,0.96552,0.894,0.84036
"r5b.large",2,16,10,0.149,0.037,0.0939,0.0894,0.0876,0.0603,0.0559,0.0525,0.108,0.1028,0.1008,0.0695,0.0644,0.0631,0.1079505,0.10281,0.1007538,0.0695174,0.064368,0.0630806,0.09387,0.0894,0.087612,0.060345,0.055875,0.0525225
"r5b.metal",96,768,25,7.152,1.9103,4.5058,4.2911,4.2054,2.8966,2.682,2.5211,5.1816,4.9349,4.8362,3.3368,3.0897,3.0279,5.181624,4.93488,4.8361824,3.3368371,3.089664,3.0278707,4.50576,4.2912,4.205376,2.89656,2.682,2.52108
"r5b.xlarge",4,32,10,0.298,0.0723,0.1877,0.1788,0.1752,0.1207,0.1117,0.1051,0.2159,0.2057,0.2015,0.139,0.1288,0.1262,0.215901,0.20562,0.2015076,0.1390349,0.128736,0.1261613,0.18774,0.1788,0.175224,0.12069,0.11175,0.105045
"r5d.12xlarge",48,384,12,3.456,0.8268,2.177,2.0738,2.0321,1.493,1.3822,1.2995,2.508,2.3884,2.3411,1.78,1.6479,1.6149,2.508,2.389,2.341,1.78,1.648,1.615,2.177,2.074,2.032,1.493,1.382,1.299
"r5d.16xlarge",64,512,20,4.608,0.8927,2.903,2.7644,2.7095,1.991,1.8436,1.7326,3.344,3.1856,3.1213,2.373,2.1976,2.1532,3.344,3.185,3.121,2.373,2.197,2.153,2.903,2.765,2.71,1.991,1.843,1.733
"r5d.24xlarge",96,768,25,6.912,1.2599,4.355,4.1476,4.0643,2.986,2.7644,2.5989,5.017,4.7778,4.6821,3.559,3.2959,3.2299,5.017,4.778,4.682,3.559,3.296,3.23,4.355,4.147,4.064,2.986,2.765,2.599
"r5d.2xlarge",8,64,10,0.576,0.1566,0.363,0.3458,0.3387,0.249,0.2302,0.2166,0.418,0.3981,0.3902,0.297,0.2743,0.2691,0.418,0.398,0.39,0.297,0.275,0.269,0.363,0.346,0.339,0.249,0.23,0.217
"r5d.4xlarge",16,128,10,1.152,0.3275,0.726,0.6915,0.6774,0.498,0.4604,0.4331,0.836,0.7962,0.7804,0.593,0.5497,0.5383,0.836,0.796,0.78,0.593,0.549,0.538,0.726,0.691,0.677,0.498,0.461,0.433
"r5d.8xlarge",32,256,10,2.304,0.6512,1.452,1.3822,1.3548,0.995,0.9218,0.8663,1.672,1.5922,1.5607,1.186,1.0983,1.0766,1.672,1.593,1.561,1.186,1.099,1.077,1.452,1.382,1.355,0.995,0.922,0.866
"r5d.large",2,16,10,0.144,0.0401,0.091,0.0862,0.0847,0.062,0.0578,0.0541,0.105,0.0998,0.0975,0.074,0.0683,0.0673,0.105,0.1,0.098,0.074,0.069,0.067,0.091,0.086,0.085,0.062,0.058,0.054
"r5d.metal",96,768,25,6.912,1.0034,4.355,4.1476,4.0643,2.986,2.7644,2.5989,5.017,4.7778,4.6821,3.559,3.2959,3.2299,5.017,4.778,4.682,3.559,3.296,3.23,4.355,4.147,4.064,2.986,2.765,2.599
"r5d.xlarge",4,32,10,0.288,0.0735,0.181,0.1724,0.1693,0.124,0.1156,0.1083,0.209,0.1995,0.1951,0.148,0.1376,0.1346,0.209,0.199,0.195,0.148,0.137,0.135,0.181,0.173,0.169,0.124,0.115,0.108
"r5dn.12xlarge",48,384,50,4.008,1.0401,2.525,2.4044,2.3567,1.632,1.5115,1.4204,2.904,2.7658,2.7102,1.874,1.7357,1.7008,2.904,2.766,2.71,1.874,1.735,1.701,2.525,2.405,2.357,1.632,1.511,1.42
"r5dn.16xlarge",64,512,75,5.344,1.2848,3.367,3.2062,3.1422,2.176,2.0143,1.8938,3.872,3.6877,3.6136,2.499,2.314,2.2677,3.872,3.687,3.614,2.499,2.314,2.268,3.367,3.206,3.142,2.176,2.015,1.894
"r5dn.24xlarge",96,768,100,8.016,2.0357,5.05,4.8098,4.7134,3.264,3.022,2.8407,5.808,5.5315,5.4204,3.749,3.4705,3.4015,5.808,5.531,5.42,3.749,3.471,3.402,5.05,4.81,4.713,3.264,3.022,2.841
"r5dn.2xlarge",8,64,25,0.668,0.1717,0.421,0.4005,0.3928,0.272,0.2519,0.2367,0.484,0.4605,0.4517,0.312,0.2896,0.2834,0.484,0.461,0.452,0.312,0.289,0.283,0.421,0.401,0.393,0.272,0.252,0.237
"r5dn.4xlarge",16,128,25,1.336,0.335,0.842,0.8018,0.7856,0.544,0.5038,0.4734,0.968,0.922,0.9034,0.625,0.5782,0.5669,0.968,0.922,0.903,0.625,0.578,0.567,0.842,0.802,0.786,0.544,0.504,0.473
"r5dn.8xlarge",32,256,25,2.672,0.7099,1.683,1.6036,1.5711,1.088,1.0077,0.9469,1.936,1.8438,1.8068,1.25,1.1565,1.1338,1.936,1.844,1.807,1.25,1.157,1.134,1.683,1.603,1.571,1.088,1.007,0.947
"r5dn.large",2,16,25,0.167,0.0426,0.105,0.1001,0.0982,0.068,0.0625,0.0592,0.121,0.1156,0.1129,0.078,0.0721,0.0709,0.121,0.115,0.113,0.078,0.072,0.071,0.105,0.1,0.098,0.068,0.063,0.059
"r5dn.metal",96,768,100,8.016,1.7322,5.05,4.8098,4.7134,3.264,3.022,2.8407,5.808,5.5315,5.4204,3.749,3.4705,3.4015,5.80759,5.53104,5.42042,3.7486,3.47093,3.40151,5.05008,4.8096,4.71341,3.26379,3.02203,2.84071
"r5dn.xlarge",4,32,25,0.334,0.0739,0.21,0.2002,0.1963,0.136,0.126,0.1184,0.242,0.2302,0.2258,0.156,0.1443,0.1417,0.242,0.23,0.226,0.156,0.145,0.142,0.21,0.2,0.196,0.136,0.126,0.118
"r5n.12xlarge",48,384,50,3.576,0.8642,2.253,2.1458,2.1027,1.448,1.3415,1.2605,2.591,2.4677,2.418,1.668,1.5444,1.5139,2.591,2.467,2.418,1.668,1.545,1.514,2.253,2.146,2.103,1.448,1.341,1.261
"r5n.16xlarge",64,512,75,4.768,1.391,3.004,2.8604,2.8035,1.931,1.788,1.6807,3.454,3.29,3.2241,2.225,2.0599,2.0186,3.454,3.29,3.224,2.225,2.06,2.019,3.004,2.861,2.804,1.931,1.788,1.681
"r5n.24xlarge",96,768,100,7.152,2.0363,4.506,4.2915,4.2054,2.897,2.682,2.5211,5.182,4.9345,4.8362,3.337,3.0898,3.0279,5.182,4.935,4.836,3.337,3.09,3.028,4.506,4.291,4.205,2.897,2.682,2.521
"r5n.2xlarge",8,64,25,0.596,0.1681,0.375,0.3578,0.3505,0.241,0.2238,0.2101,0.432,0.4116,0.403,0.278,0.2577,0.2523,0.432,0.411,0.403,0.278,0.257,0.252,0.375,0.358,0.35,0.241,0.224,0.21
"r5n.4xlarge",16,128,25,1.192,0.2996,0.751,0.7156,0.7009,0.483,0.4475,0.4202,0.864,0.8222,0.8061,0.556,0.5145,0.5046,0.864,0.822,0.806,0.556,0.515,0.505,0.751,0.715,0.701,0.483,0.447,0.42
"r5n.8xlarge",32,256,25,2.384,0.5019,1.502,1.4302,1.4018,0.966,0.894,0.8404,1.727,1.6445,1.6121,1.112,1.03,1.0093,1.727,1.645,1.612,1.112,1.03,1.009,1.502,1.43,1.402,0.966,0.894,0.84
"r5n.large",2,16,25,0.149,0.0355,0.094,0.0897,0.0876,0.06,0.0559,0.0525,0.108,0.1024,0.1008,0.07,0.0642,0.0631,0.108,0.103,0.101,0.07,0.064,0.063,0.094,0.089,0.088,0.06,0.056,0.053
"r5n.metal",96,768,100,7.152,1.4993,4.506,4.2915,4.2054,2.897,2.682,2.5211,5.182,4.9345,4.8362,3.337,3.0898,3.0279,5.182,4.935,4.836,3.337,3.09,3.028,4.506,4.291,4.205,2.897,2.682,2.521
"r5n.xlarge",4,32,25,0.298,0.0817,0.188,0.1784,0.1752,0.121,0.1119,0.1051,0.216,0.2059,0.2015,0.139,0.1284,0.1262,0.216,0.206,0.202,0.139,0.129,0.126,0.188,0.179,0.175,0.121,0.112,0.105
"r6g.12xlarge",48,384,20,2.4192,0.8719,1.5241,1.4516,1.4225,1.0451,0.9676,0.9096,1.7438,1.6608,1.6275,1.2533,1.1605,1.1373,1.7438,1.6608,1.6276,1.2533,1.1605,1.1373,1.5241,1.4515,1.4225,1.0451,0.9677,0.9096
"r6g.16xlarge",64,512,25,3.2256,0.7024,2.0321,1.9354,1.8967,1.3935,1.2902,1.2128,2.3251,2.2144,2.1701,1.6711,1.5474,1.5164,2.3251,2.2144,2.1701,1.6711,1.5473,1.5164,2.0321,1.9354,1.8967,1.3935,1.2902,1.2128
"r6g.2xlarge",8,64,10,0.4032,0.115,0.254,0.242,0.2371,0.1742,0.1612,0.1516,0.2906,0.2768,0.2712,0.2089,0.1934,0.1895,0.2906,0.2768,0.2713,0.2089,0.1934,0.1895,0.254,0.2419,0.2371,0.1742,0.1613,0.1516
"r6g.4xlarge",16,128,10,0.8064,0.2587,0.508,0.4838,0.4742,0.3484,0.3226,0.3032,0.5813,0.5536,0.5425,0.4178,0.3868,0.3791,0.5813,0.5536,0.5425,0.4178,0.3868,0.3791,0.508,0.4838,0.4742,0.3484,0.3226,0.3032
"r6g.8xlarge",32,256,12,1.6128,0.3654,1.0161,0.9676,0.9483,0.6967,0.6452,0.6064,1.1625,1.1071,1.085,0.8356,0.7736,0.7582,1.1625,1.1072,1.085,0.8356,0.7737,0.7582,1.0161,0.9677,0.9483,0.6967,0.6451,0.6064
"r6g.large",2,16,10,0.1008,0.0379,0.0635,0.0605,0.0592,0.0435,0.0404,0.0379,0.0727,0.0692,0.0678,0.0522,0.0484,0.0474,0.0727,0.0692,0.0678,0.0522,0.0484,0.0474,0.0635,0.0605,0.0593,0.0435,0.0403,0.0379
"r6g.medium",1,8,10,0.0504,0.0172,0.0318,0.0302,0.0297,0.0218,0.0202,0.019,0.0363,0.0347,0.0339,0.0261,0.0242,0.0237,0.0363,0.0346,0.0339,0.0261,0.0242,0.0237,0.0318,0.0302,0.0296,0.0218,0.0202,0.019
"r6g.metal",64,512,25,3.2256,1.1424,2.0321,1.9354,1.8967,1.3935,1.2902,1.2128,2.3251,2.2144,2.1701,1.6711,1.5474,1.5164,2.3251,2.2144,2.1701,1.6711,1.5473,1.5164,2.0321,1.9354,1.8967,1.3935,1.2902,1.2128
"r6g.xlarge",4,32,10,0.2016,0.0736,0.127,0.121,0.1185,0.0871,0.0806,0.0758,0.1453,0.1384,0.1356,0.1044,0.0968,0.0948,0.1453,0.1384,0.1356,0.1044,0.0967,0.0948,0.127,0.121,0.1185,0.0871,0.0806,0.0758
"r6gd.12xlarge",48,384,20,2.7648,0.8408,1.7418,1.6589,1.6257,1.1944,1.106,1.0396,2.0115,1.9158,1.8774,1.4168,1.3118,1.2857,2.0115,1.9157,1.8774,1.4168,1.3119,1.2857,1.7418,1.6589,1.6257,1.1944,1.1059,1.0396
"r6gd.16xlarge",64,512,25,3.6864,1.1947,2.3224,2.2118,2.1676,1.5925,1.4746,1.3861,2.682,2.5544,2.5032,1.8891,1.7492,1.7142,2.682,2.5543,2.5032,1.8891,1.7492,1.7142,2.3224,2.2118,2.1676,1.5925,1.4746,1.3861
"r6gd.2xlarge",8,64,10,0.4608,0.1501,0.2903,0.2764,0.271,0.1991,0.1844,0.1732,0.3353,0.3192,0.3129,0.2361,0.2186,0.2143,0.3353,0.3193,0.3129,0.2361,0.2186,0.2143,0.2903,0.2765,0.271,0.1991,0.1843,0.1733
"r6gd.4xlarge",16,128,10,0.9216,0.2304,0.5806,0.553,0.5419,0.3981,0.3686,0.3465,0.6705,0.6386,0.6258,0.4723,0.4372,0.4285,0.6705,0.6386,0.6258,0.4723,0.4373,0.4286,0.5806,0.553,0.5419,0.3981,0.3686,0.3465
"r6gd.8xlarge",32,256,12,1.8432,0.4082,1.1612,1.106,1.0838,0.7963,0.7372,0.693,1.341,1.2772,1.2516,0.9446,0.8746,0.8571,1.341,1.2772,1.2516,0.9446,0.8746,0.8571,1.1612,1.1059,1.0838,0.7963,0.7373,0.693
"r6gd.large",2,16,10,0.1152,0.0346,0.0726,0.0692,0.0677,0.0498,0.046,0.0433,0.0838,0.0799,0.0782,0.059,0.0546,0.0536,0.0838,0.0798,0.0782,0.059,0.0547,0.0536,0.0726,0.0691,0.0677,0.0498,0.0461,0.0433
"r6gd.medium",1,8,10,0.0576,0.0177,0.0363,0.0345,0.0339,0.0249,0.023,0.0217,0.0419,0.04,0.0392,0.0295,0.0274,0.0268,0.0419,0.0399,0.0391,0.0295,0.0273,0.0268,0.0363,0.0346,0.0339,0.0249,0.023,0.0217
"r6gd.metal",64,512,25,3.6864,1.0683,2.3224,2.2118,2.1676,1.5925,1.4746,1.3861,2.682,2.5544,2.5032,1.8891,1.7492,1.7142,2.682,2.5543,2.5032,1.8891,1.7492,1.7142,2.3224,2.2118,2.1676,1.5925,1.4746,1.3861
"r6gd.xlarge",4,32,10,0.2304,0.0685,0.1452,0.1382,0.1355,0.0995,0.0922,0.0866,0.1676,0.1596,0.1565,0.1181,0.1094,0.1072,0.1676,0.1596,0.1565,0.1181,0.1093,0.1071,0.1452,0.1382,0.1355,0.0995,0.0922,0.0866
"r6i.12xlarge",48,384,18.75,3.024,0.5268,2.0004,1.9051,1.867,1.3717,1.2701,1.1939,2.1909,2.0865,2.0449,1.5774,1.4606,1.4314,2.19089,2.08656,2.04483,1.57744,1.46059,1.43138,2.00038,1.90512,1.86702,1.37169,1.27008,1.19388
"r6i.16xlarge",64,512,25,4.032,1.353,2.6672,2.5402,2.4894,1.8289,1.6934,1.5918,2.9212,2.7821,2.7265,2.1033,1.9475,1.9085,2.92118,2.78208,2.72644,2.10325,1.94746,1.90851,2.66717,2.54016,2.48936,1.82892,1.69344,1.59183
"r6i.24xlarge",96,768,37.5,6.048,1.5346,4.0008,3.8103,3.734,2.7434,2.5402,2.3877,4.3818,4.1731,4.0896,3.1549,2.9212,2.8627,4.38178,4.17312,4.08966,3.15488,2.92118,2.86276,4.00075,3.81024,3.73404,2.74337,2.54016,2.38775
"r6i.2xlarge",8,64,12.5,0.504,0.159,0.3334,0.3175,0.3112,0.2286,0.2117,0.199,0.3651,0.3477,0.3408,0.2629,0.2434,0.2385,0.36515,0.34776,0.3408,0.26291,0.24343,0.23856,0.3334,0.31752,0.31117,0.22861,0.21168,0.19898
"r6i.32xlarge",128,1024,50,8.064,2.3685,5.3343,5.0803,4.9788,3.6578,3.3869,3.1837,5.8424,5.5642,5.4529,4.2065,3.8949,3.817,5.84237,5.56416,5.45288,4.2065,3.89491,3.81701,5.33434,5.08032,4.97871,3.65783,3.38688,3.18367
"r6i.4xlarge",16,128,12.5,1.008,0.2675,0.6668,0.635,0.6224,0.4572,0.4234,0.3979,0.7303,0.6955,0.6816,0.5258,0.4868,0.4771,0.7303,0.69552,0.68161,0.52581,0.48686,0.47713,0.66679,0.63504,0.62234,0.45723,0.42336,0.39796
"r6i.8xlarge",32,256,12.5,2.016,0.6241,1.3336,1.2701,1.2446,0.9145,0.8467,0.7959,1.4606,1.3911,1.3632,1.0516,0.9737,0.9543,1.46059,1.39104,1.36322,1.05163,0.97373,0.95425,1.33358,1.27008,1.24468,0.91446,0.84672,0.79592
"r6i.large",2,16,12.5,0.126,0.0317,0.0833,0.0794,0.0777,0.0571,0.0529,0.0497,0.0913,0.087,0.0852,0.0657,0.0609,0.0596,0.09129,0.08694,0.0852,0.06573,0.06086,0.05964,0.08335,0.07938,0.07779,0.05715,0.05292,0.04974
"r6i.metal",128,1024,50,8.064,2.491,5.3343,5.0803,4.9788,3.6578,3.3869,3.1837,5.8424,5.5642,5.4529,4.2065,3.8949,3.817,5.84237,5.56416,5.45288,4.2065,3.89491,3.81701,5.33434,5.08032,4.97871,3.65783,3.38688,3.18367
"r6i.xlarge",4,32,12.5,0.252,0.0713,0.1667,0.1587,0.1556,0.1143,0.1058,0.0995,0.1826,0.1739,0.1704,0.1315,0.1217,0.1193,0.18257,0.17388,0.1704,0.13145,0.12172,0.11928,0.1667,0.15876,0.15558,0.11431,0.10584,0.09949
"x1.16xlarge",64,976,10,6.669,2.5297,4.11,3.914,3.8357,2.144,1.9855,1.8659,4.726,4.5016,4.4111,2.465,2.2824,2.2371,4.726,4.502,4.411,2.465,2.282,2.237,4.11,3.914,3.836,2.144,1.986,1.866
"x1.32xlarge",128,1952,25,13.338,5.1093,8.219,7.8278,7.6711,4.288,3.97,3.7318,9.452,9.002,8.822,4.931,4.5657,4.4742,9.452,9.002,8.822,4.931,4.566,4.474,8.219,7.828,7.671,4.288,3.97,3.732
"x1e.16xlarge",64,1952,10,13.344,4.0032,8.223,7.8318,7.6749,4.29,3.9719,3.7335,9.457,9.0061,8.8261,4.933,4.5678,4.4762,9.457,9.006,8.826,4.933,4.568,4.476,8.223,7.832,7.675,4.29,3.972,3.733
"x1e.2xlarge",8,244,10,1.668,0.5004,1.028,0.9785,0.9594,0.536,0.4963,0.4667,1.182,1.1259,1.1033,0.617,0.5705,0.5595,1.182,1.126,1.103,0.617,0.57,0.56,1.028,0.978,0.959,0.536,0.496,0.467
"x1e.32xlarge",128,3904,25,26.688,8.0064,16.446,15.6635,15.3498,8.579,7.9438,7.467,18.913,18.0123,17.6523,9.866,9.1355,8.9524,18.913,18.012,17.652,9.866,9.136,8.952,16.446,15.664,15.35,8.579,7.944,7.467
"x1e.4xlarge",16,488,10,3.336,1.0008,2.056,1.958,1.9187,1.072,0.9925,0.9334,2.364,2.2518,2.2065,1.233,1.1419,1.1191,2.364,2.252,2.207,1.233,1.142,1.119,2.056,1.958,1.919,1.072,0.992,0.933
"x1e.8xlarge",32,976,10,6.672,2.0016,4.112,3.9159,3.8374,2.145,1.986,1.8667,4.728,4.5036,4.413,2.466,2.2839,2.2381,4.728,4.504,4.413,2.466,2.284,2.238,4.112,3.916,3.837,2.145,1.986,1.867
"x1e.xlarge",4,122,10,0.834,0.2502,0.514,0.4897,0.4797,0.268,0.2481,0.2333,0.591,0.5624,0.5516,0.308,0.2857,0.2798,0.591,0.562,0.552,0.308,0.286,0.28,0.514,0.49,0.48,0.268,0.248,0.233
"x2gd.12xlarge",48,768,20,4.008,1.8532,2.4699,2.3522,2.3053,1.3691,1.2678,1.1917,2.964,2.8228,2.7663,1.6432,1.5214,1.491,2.964,2.8228,2.7664,1.6432,1.5214,1.491,2.4699,2.3523,2.3052,1.3691,1.2677,1.1917
"x2gd.16xlarge",64,1024,25,5.344,2.4957,3.2932,3.1364,3.0736,1.8255,1.6904,1.5889,3.952,3.7637,3.6885,2.1909,2.0286,1.988,3.952,3.7638,3.6885,2.1909,2.0286,1.988,3.2932,3.1364,3.0737,1.8255,1.6903,1.5889
"x2gd.2xlarge",8,128,10,0.668,0.3236,0.4117,0.392,0.3842,0.2282,0.2112,0.1986,0.494,0.4705,0.4611,0.2739,0.2536,0.2485,0.494,0.4705,0.4611,0.2739,0.2536,0.2485,0.4117,0.392,0.3842,0.2282,0.2113,0.1986
"x2gd.4xlarge",16,256,10,1.336,0.5959,0.8233,0.784,0.7684,0.4564,0.4226,0.3972,0.988,0.9409,0.9221,0.5477,0.5072,0.497,0.988,0.9409,0.9221,0.5477,0.5071,0.497,0.8233,0.7841,0.7684,0.4564,0.4226,0.3972
"x2gd.8xlarge",32,512,12,2.672,1.3002,1.6466,1.5682,1.5369,0.9128,0.8452,0.7944,1.976,1.8819,1.8443,1.0954,1.0143,0.994,1.976,1.8819,1.8443,1.0954,1.0143,0.994,1.6466,1.5682,1.5368,0.9128,0.8452,0.7944
"x2gd.large",2,32,10,0.167,0.0873,0.1029,0.098,0.096,0.057,0.0528,0.0497,0.1235,0.1176,0.1153,0.0685,0.0634,0.0621,0.1235,0.1176,0.1153,0.0685,0.0634,0.0621,0.1029,0.098,0.0961,0.057,0.0528,0.0497
"x2gd.medium",1,16,10,0.0835,0.0454,0.0515,0.049,0.0481,0.0285,0.0264,0.0248,0.0617,0.0589,0.0576,0.0342,0.0316,0.0311,0.0617,0.0588,0.0576,0.0342,0.0317,0.0311,0.0515,0.049,0.048,0.0285,0.0264,0.0248
"x2gd.metal",64,1024,25,5.344,2.7938,3.2932,3.1364,3.0736,1.8255,1.6904,1.5889,3.952,3.7637,3.6885,2.1909,2.0286,1.988,3.952,3.7638,3.6885,2.1909,2.0286,1.988,3.2932,3.1364,3.0737,1.8255,1.6903,1.5889
"x2gd.xlarge",4,64,10,0.334,0.1677,0.2058,0.1961,0.1921,0.1141,0.1056,0.0993,0.247,0.2352,0.2305,0.1369,0.1268,0.1242,0.247,0.2352,0.2305,0.1369,0.1268,0.1243,0.2058,0.196,0.1921,0.1141,0.1056,0.0993
"x2iedn.16xlarge",64,2048,50,13.338,4.0014,8.2069,7.816,7.6597,4.2783,3.9614,3.7237,9.8595,9.39,9.2022,5.1426,4.7617,4.6664,9.85945,9.38995,9.20215,5.1426,4.76167,4.66643,8.20687,7.81607,7.65975,4.2783,3.96139,3.7237
"x2iedn.24xlarge",96,3072,75,20.007,6.0021,12.3103,11.7241,11.4896,6.4174,5.9421,5.5855,14.7892,14.0849,13.8032,7.7139,7.1425,6.9997,14.78917,14.08493,13.80323,7.7139,7.1425,6.99965,12.31031,11.7241,11.48962,6.41745,5.94208,5.58555
"x2iedn.2xlarge",8,256,25,1.6672,0.5002,1.0259,0.977,0.9574,0.5348,0.4952,0.4654,1.2324,1.1737,1.1502,0.6428,0.5952,0.5833,1.23243,1.17374,1.15027,0.64282,0.59521,0.5833,1.02586,0.97701,0.95747,0.53479,0.49517,0.46546
"x2iedn.32xlarge",128,4096,100,26.676,8.0028,16.4137,15.6322,15.3195,8.5566,7.9228,7.4474,19.7189,18.7799,18.4043,10.2852,9.5234,9.3329,19.7189,18.7799,18.40431,10.2852,9.52333,9.33287,16.41374,15.63214,15.31949,8.55659,7.92277,7.44741
"x2iedn.4xlarge",16,512,25,3.3345,1.0004,2.0517,1.9541,1.915,1.0696,0.9903,0.9309,2.4649,2.3475,2.3006,1.2856,1.1904,1.1666,2.46486,2.34749,2.30054,1.28565,1.19042,1.16661,2.05172,1.95402,1.91494,1.06957,0.99035,0.93093
"x2iedn.8xlarge",32,1024,25,6.669,2.0007,4.1034,3.908,3.8299,2.1391,1.9807,1.8618,4.9297,4.695,4.601,2.5713,2.3808,2.3332,4.92972,4.69498,4.60108,2.5713,2.38083,2.33322,4.10344,3.90803,3.82987,2.13915,1.98069,1.86185
"x2iedn.xlarge",4,128,25,0.8336,0.2501,0.5129,0.4885,0.4788,0.2674,0.2476,0.2327,0.6162,0.5868,0.5751,0.3214,0.2976,0.2917,0.61622,0.58687,0.57513,0.32141,0.2976,0.29165,0.51293,0.4885,0.47873,0.26739,0.24759,0.23273
"z1d.12xlarge",48,384,25,4.464,2.1384,2.812,2.6782,2.6249,1.841,1.7042,1.6022,3.248,3.0936,3.0313,2.121,1.964,1.9246,3.248,3.093,3.031,2.121,1.964,1.925,2.812,2.678,2.625,1.841,1.704,1.602
"z1d.2xlarge",8,64,10,0.744,0.3432,0.469,0.4462,0.4374,0.307,0.284,0.267,0.541,0.5158,0.5053,0.354,0.3277,0.3208,0.541,0.516,0.505,0.354,0.327,0.321,0.469,0.446,0.437,0.307,0.284,0.267
"z1d.3xlarge",12,96,10,1.116,0.5631,0.703,0.6698,0.6562,0.46,0.4261,0.4006,0.812,0.7736,0.7579,0.53,0.4905,0.4812,0.812,0.773,0.758,0.53,0.491,0.481,0.703,0.67,0.656,0.46,0.426,0.401
"z1d.6xlarge",24,192,12,2.232,0.902,1.406,1.3396,1.3124,0.92,0.8521,0.8011,1.624,1.5463,1.5156,1.061,0.982,0.9623,1.624,1.547,1.516,1.061,0.982,0.962,1.406,1.339,1.312,0.92,0.852,0.801
"z1d.large",2,16,10,0.186,0.093,0.117,0.1118,0.1094,0.077,0.0715,0.0667,0.135,0.1285,0.1263,0.088,0.0819,0.0802,0.135,0.129,0.126,0.088,0.082,0.08,0.117,0.112,0.109,0.077,0.071,0.067
"z1d.metal",48,384,25,4.464,2.0874,2.812,2.6782,2.6249,1.841,1.7042,1.6022,3.248,3.0936,3.0313,2.121,1.964,1.9246,3.248,3.093,3.031,2.121,1.964,1.925,2.812,2.678,2.625,1.841,1.704,1.602
"z1d.xlarge",4,32,10,0.372,0.1822,0.234,0.2236,0.2187,0.153,0.142,0.1335,0.271,0.2579,0.2526,0.177,0.1638,0.1604,0.271,0.258,0.253,0.177,0.164,0.16,0.234,0.223,0.219,0.153,0.142,0.134
